pred_id	label
p1	BetaHydroxybutyrate
p2	DravetSyndrome
p3	Flurothyl
p4	GEFSPlusMouse
p5	Glucose
p6	Influences
p7	KetogenicDiet
p8	Mouse
p9	PurkinjeNeuronExcitabilityIsImpairedIn
p10	SCN1A
p11	Scn1aMutantMouse
p12	Scn1aPlusMinusMouse
p13	Scn1aRHPlusMouse
p14	abbreviatedAs
p15	abolishes
p16	absentFrom
p17	absentIn
p18	accelerates
p19	acceptsInput
p20	accompanies
p21	accountFor
p22	accountForMajorityOf
p23	accountsFor
p24	accumulated
p25	accumulatesDuring
p26	accumulatesIn
p27	achievedBy
p28	achievedCompleteSeizureSuppression
p29	achievedResponderRate
p30	achieves
p31	achievesMeanCBDDose
p32	achievesMeanTHCDose
p33	achievesResponderRateFiftyPercent
p34	achievesResponderRateSeventyFivePercent
p35	achievesSeizureFreedom
p36	acquires
p37	actAs
p38	actCumulatively
p39	actOn
p40	activate
p41	activates
p42	activatesAndDesensitizes
p43	activationReduces
p44	actsAs
p45	actsAt
p46	actsBeyond
p47	actsBy
p48	actsDownstreamOf
p49	actsIndependentlyOf
p50	actsOn
p51	actsPostTranscriptionallyOn
p52	actsSynergisticallyWith
p53	actsThrough
p54	actsUpstreamOf
p55	actsVia
p56	addedTo
p57	addedToClassificationBy
p58	additivelyReduced
p59	addresses
p60	adds
p61	addsEvidenceFor
p62	addsTag
p63	addsTo
p64	adheresTo
p65	adjusts
p66	adjustsFor
p67	administered
p68	administeredAt
p69	administeredAtDose
p70	administeredBefore
p71	administeredBetween
p72	administeredBy
p73	administeredDuring
p74	administeredFrom
p75	administeredIntracerebroventricularly
p76	administeredIntraperitoneally
p77	administeredTo
p78	administeredUntil
p79	administers
p80	adoptsMorphology
p81	advances
p82	affect
p83	affectedBy
p84	affects
p85	affectsGene
p86	affectsPercentageOfPatients
p87	affectsPopulation
p88	affectsPopulationWorldwide
p89	affectsProteinDomain
p90	affectsProteinRegion
p91	affectsTraffickingOf
p92	affiliatedWith
p93	ageAtTesting
p94	ageRange
p95	aggravate
p96	aggravates
p97	aggregates
p98	agonizes
p99	aimsTo
p100	aimsToAddress
p101	aimsToAnalyze
p102	aimsToCapture
p103	aimsToCharacterize
p104	aimsToImprove
p105	aimsToIncrease
p106	aimsToInsert
p107	aimsToLimit
p108	aimsToModify
p109	aimsToReduce
p110	aimsToReplace
p111	aimsToRestore
p112	alerts
p113	alignedWith
p114	aligns
p115	alignsWith
p116	allow
p117	allowedFor
p118	allows
p119	allowsReductionOf
p120	alsoKnownAs
p121	alsoPrioritizes
p122	alter
p123	alteredBy
p124	alters
p125	altersConnectivityOf
p126	ameliorates
p127	amplifiedBy
p128	amplifies
p129	analyzedBy
p130	analyzedUsing
p131	analyzes
p132	and
p133	annotates
p134	antagonizes
p135	anticipates
p136	appears
p137	appearsEarlyIn
p138	applicableTo
p139	appliedAfter
p140	appliedTo
p141	applies
p142	appliesThreshold
p143	appliesTo
p144	approaches
p145	approachesNormalIn
p146	approved
p147	approvedAs
p148	approvedBy
p149	approvedByFDAFor
p150	approvedFor
p151	approvedForTreatmentOf
p152	approvedForUseIn
p153	approves
p154	approximates
p155	are
p156	areAbsentIn
p157	areAccreditedBy
p158	areActivatedDuring
p159	areAlternativeEnergySubstrateFor
p160	areAssessedFor
p161	areAssociatedWith
p162	areCandidatesFor
p163	areCharacterizedAs
p164	areClassifiedAs
p165	areCommonIn
p166	areContraindicatedIn
p167	areConvertedInto
p168	areCriticalFor
p169	areDerivedFrom
p170	areDetectedIn
p171	areDifficultToDetectIn
p172	areDifficultToInterpret
p173	areEffectiveIn
p174	areEmbeddedIn
p175	areEnrichedIn
p176	areEvaluatedBy
p177	areFrequently
p178	areIdentifiedBy
p179	areIdentifiedIn
p180	areImportantFor
p181	areIndependentOf
p182	areInsertedInto
p183	areLinkedTo
p184	areLocatedIn
p185	areMaintainedIn
p186	areModulatedBy
p187	areMoreFrequentDuring
p188	areMoreLikelyTo
p189	areMostCommon
p190	areMostEffectiveDuring
p191	areMostly
p192	areNeededFor
p193	areNotCommonCauseOf
p194	areNotDirectlyCorrelatedWith
p195	areNotInevitableAfter
p196	areNotStrongPredictorOf
p197	areNotUniqueTo
p198	areOftenIneffectiveIn
p199	areParalyzedWith
p200	arePathologicalIn
p201	arePostmitotic
p202	arePrecededBy
p203	arePredominantIn
p204	areRaisedIn
p205	areRareDuring
p206	areRareIn
p207	areRecordedAt
p208	areRequiredToClarify
p209	areScreenedFor
p210	areSexIndependentIn
p211	areSimilarBetween
p212	areTestedAt
p213	areTestedIn
p214	areTreatedAt
p215	areTriggeredBy
p216	areUsedAs
p217	areUsually
p218	areVulnerableIn
p219	arisesAfter
p220	arisesDuring
p221	arisesFrom
p222	askedAbout
p223	assemblesWith
p224	assess
p225	assessed
p226	assessedAt
p227	assessedBy
p228	assessedIn
p229	assessedUsing
p230	assesses
p231	assessesDomain
p232	assignedDiet
p233	assignedTo
p234	assigns
p235	associateWith
p236	associatedWith
p237	associatedWithGene
p238	associatesWith
p239	assumedToHave
p240	assumes
p241	atTime
p242	attenuates
p243	augments
p244	availableFor
p245	availableIn
p246	avoids
p247	avoidsDrugClass
p248	balances
p249	basedOn
p250	becomes
p251	before
p252	beginsIn
p253	beginsWith
p254	benefits
p255	benefitsFrom
p256	betterSeparates
p257	binds
p258	bindsPreferentiallyTo
p259	bindsReceptor
p260	bindsTo
p261	blindedTo
p262	blocks
p263	blunts
p264	boosts
p265	bredWith
p266	bridges
p267	bridgesGapIn
p268	bypasses
p269	calculatedAs
p270	calculatedFrom
p271	can
p272	canAccommodate
p273	canActAs
p274	canActOn
p275	canActTogetherTo
p276	canAffect
p277	canAggravate
p278	canAlleviate
p279	canAlter
p280	canAriseFrom
p281	canAssess
p282	canAssign
p283	canAssociateWith
p284	canBe
p285	canBeAchievedBy
p286	canBeAdaptedTo
p287	canBeAdjustedFor
p288	canBeAppliedTo
p289	canBeAssociatedWith
p290	canBeAttributedTo
p291	canBeAvailableFor
p292	canBeBiasedBy
p293	canBeBrief
p294	canBeCausedBy
p295	canBeClassifiedBy
p296	canBeComparedWith
p297	canBeConfoundedBy
p298	canBeDetectedBy
p299	canBeDiagnosedAs
p300	canBeDifficultIn
p301	canBeDifficultToAccessDueTo
p302	canBeDissociableFrom
p303	canBeDueTo
p304	canBeEffectiveIn
p305	canBeEstablishedBy
p306	canBeExplainedBy
p307	canBeExtendedTo
p308	canBeInfluencedBy
p309	canBeLimitedBy
p310	canBeManagedBy
p311	canBeMechanismFor
p312	canBeNormalDuring
p313	canBeObtainedBy
p314	canBeReducedIn
p315	canBeRequiredDespite
p316	canBeSecondaryTo
p317	canBeSharedAmong
p318	canBeStudiedIn
p319	canBeSupplementedWith
p320	canBeTaperedAfter
p321	canBeTargetedBy
p322	canBeTransientDuring
p323	canBeTransmittedTo
p324	canBeTreatedWith
p325	canBeTriggeredBy
p326	canBeTypeOf
p327	canBeUnderdetectedBy
p328	canBeUnderestimatedBy
p329	canBeUndetectedBy
p330	canBeUndetectedIn
p331	canBeUsedBy
p332	canBeUsedFor
p333	canBecome
p334	canCarry
p335	canCause
p336	canChange
p337	canClarify
p338	canCoexistWith
p339	canComplement
p340	canCompromise
p341	canConfound
p342	canContain
p343	canContextualize
p344	canContributeTo
p345	canControl
p346	canCooccurWith
p347	canCorrelateWith
p348	canDecrease
p349	canDegrade
p350	canDeriveFrom
p351	canDetect
p352	canDetermine
p353	canDevelop
p354	canDevelopInto
p355	canDifferBy
p356	canDifferFrom
p357	canDifferentiateInto
p358	canDiminishBy
p359	canDiscard
p360	canDrive
p361	canEmergeAt
p362	canEnable
p363	canEvoke
p364	canEvoked
p365	canEvolveInto
p366	canEvolveTo
p367	canExacerbate
p368	canExhibit
p369	canExperience
p370	canExplain
p371	canExpress
p372	canForm
p373	canFurtherReduce
p374	canGuide
p375	canHave
p376	canHaveDissociableEffectsOn
p377	canHaveEtiology
p378	canHaveMoreSevereImpactThan
p379	canHaveParentOfOrigin
p380	canHaveVariantIn
p381	canHelpExplain
p382	canHelpPredict
p383	canHyperpolarize
p384	canIdentify
p385	canImpair
p386	canImprove
p387	canInclude
p388	canIncludeSeizureType
p389	canIncrease
p390	canIncreaseRiskOf
p391	canInduce
p392	canInfluence
p393	canInteractSynergisticallyToImprove
p394	canInteractWith
p395	canInterfereWith
p396	canIntroduce
p397	canInvolve
p398	canIsolate
p399	canLack
p400	canLeadTo
p401	canLimit
p402	canLiveIn
p403	canLocalizeTo
p404	canLower
p405	canMimic
p406	canMiss
p407	canMitigate
p408	canModify
p409	canModulate
p410	canMonitor
p411	canOccur
p412	canOccurAfter
p413	canOccurAs
p414	canOccurBefore
p415	canOccurBeyond
p416	canOccurDuring
p417	canOccurIn
p418	canOccurIndependentlyOf
p419	canOccurWith
p420	canOccurWithin
p421	canOccurWithout
p422	canOvercome
p423	canOverride
p424	canPersistAfter
p425	canPersistBeyond
p426	canPersistInto
p427	canPotentiate
p428	canPrecede
p429	canPrecedeOrAccompany
p430	canPrecipitate
p431	canPredict
p432	canPresentAs
p433	canPresentWith
p434	canPresentWithout
p435	canPrevent
p436	canProduce
p437	canProgressTo
p438	canProlong
p439	canPromote
p440	canProtectAgainst
p441	canProvide
p442	canReach
p443	canRecapitulate
p444	canReceive
p445	canRecruitPatientsFor
p446	canReduce
p447	canReflect
p448	canRegulate
p449	canRequire
p450	canRescueOrAggravate
p451	canReset
p452	canResolve
p453	canResolveAfter
p454	canResolveIn
p455	canRestOn
p456	canResultIn
p457	canReveal
p458	canRunOn
p459	canScore
p460	canServeAs
p461	canSharePathogenicMechanismWith
p462	canShorten
p463	canShow
p464	canSupplement
p465	canSupport
p466	canTipBalanceToward
p467	canTrigger
p468	canUndergo
p469	canUnderreport
p470	canUnmask
p471	canUse
p472	canUseVector
p473	canVaryAcross
p474	canWorsen
p475	canYield
p476	cannotBeDirectlyExtrapolatedTo
p477	cannotComplete
p478	cannotDistinguish
p479	cannotIdentify
p480	cannotPredict
p481	capturedDuring
p482	captures
p483	caresFor
p484	carries
p485	carriesVariant
p486	carry
p487	catabolizes
p488	catalogs
p489	catalyzes
p490	categorizedAs
p491	categorizedBy
p492	cause
p493	caused
p494	causedAdverseEffectsIn
p495	causedBy
p496	causedByMutationIn
p497	causedDiscontinuationIn
p498	causes
p499	causesAminoAcidSubstitution
p500	causesGainOfFunction
p501	causesLossOfFunction
p502	changed
p503	changes
p504	changesWith
p505	characteristicOf
p506	characterizedBy
p507	characterizes
p508	chemicallyIdenticalTo
p509	circumvents
p510	classifiedAs
p511	classifiedBy
p512	classifiedInto
p513	classifies
p514	classifiesBehavior
p515	classifiesEpochAs
p516	classify
p517	clusterDuring
p518	clusterIn
p519	clusteredIn
p520	clustersIn
p521	coOccurWith
p522	coOccursWith
p523	coadministeredWith
p524	codesFor
p525	coexistsWith
p526	coincidesWith
p527	coinjects
p528	collapses
p529	collectedAt
p530	collectedBy
p531	collectedFor
p532	collectedFrom
p533	collects
p534	collectsVariable
p535	collectsVolume
p536	colocalizeWith
p537	colocalizesWith
p538	combinationWithLevetiracetamOrValproate
p539	combinationWithSodiumChannelBlockers
p540	combinedWith
p541	combines
p542	combinesScoresToCreate
p543	commonAmong
p544	commonComorbidityIn
p545	commonIn
p546	commonlyAssociatedWith
p547	commonlyHas
p548	commonlyIncludes
p549	commonlyIs
p550	commonlyOccursIn
p551	commonlyPresentsWith
p552	commonlyUsedBefore
p553	commonlyUsedBy
p554	comparableTo
p555	comparedTo
p556	comparedWith
p557	compares
p558	compensatesFor
p559	competesWith
p560	complement
p561	complements
p562	completedBy
p563	completes
p564	complexFor
p565	complicate
p566	complicates
p567	compliesWith
p568	compoundedBy
p569	compromises
p570	computedFrom
p571	computedUsing
p572	computes
p573	computesFeature
p574	concentration
p575	concludes
p576	conditionsOn
p577	conductedAt
p578	conductedBy
p579	conductsSessionVia
p580	confers
p581	confersProtectionAgainst
p582	confersRiskFor
p583	confersSelectivityFor
p584	confersSensitivityTo
p585	confirmedBy
p586	confirms
p587	confounds
p588	connectedTo
p589	connects
p590	connectsFamilyTo
p591	connectsTo
p592	connectsVia
p593	considered
p594	consideredAs
p595	consideredByInvestigatorAs
p596	consideredContraindicatedIn
p597	consideredExpressionOf
p598	consideredFor
p599	consideredImportantFor
p600	consistedOf
p601	consistentWith
p602	consistsOf
p603	constitute
p604	constitutes
p605	constitutesPercentageOf
p606	constrains
p607	contacts
p608	contain
p609	containSubunit
p610	contains
p611	containsRegion
p612	continuedDuring
p613	continuesDuring
p614	continuesIncreasingUntil
p615	continuesWith
p616	contraindicatedDrug
p617	contraindicatedIn
p618	contraindicatesMedication
p619	contrasts
p620	contrastsWith
p621	contributeTo
p622	contributesTo
p623	control
p624	controlledBy
p625	controls
p626	controlsFor
p627	converts
p628	cooccursWith
p629	coordinates
p630	corrects
p631	correlateWith
p632	correlatedWith
p633	correlatesWith
p634	correspondsTo
p635	couldAffect
p636	couldAmplify
p637	couldAutomate
p638	couldBe
p639	couldBeMissedBy
p640	couldBeMonitoredBy
p641	couldCause
p642	couldContributeTo
p643	couldDetect
p644	couldEnable
p645	couldExplain
p646	couldImpair
p647	couldImprove
p648	couldIncrease
p649	couldPropagateTo
p650	couldProvide
p651	couldReduce
p652	couldServeAs
p653	couldSupport
p654	couldWorsen
p655	count
p656	counteracts
p657	covers
p658	coversDomain
p659	coversPeriod
p660	creates
p661	createsChallengeFor
p662	criticalFor
p663	crossedWith
p664	crosses
p665	damages
p666	declinesBy
p667	declinesDuring
p668	declinesOver
p669	declinesWith
p670	decreaseAfter
p671	decreasedIn
p672	decreases
p673	decreasesAfter
p674	decreasesBy
p675	decreasesDuring
p676	decreasesExpressionIn
p677	decreasesFrom
p678	decreasesIn
p679	decreasesOver
p680	decreasesTo
p681	decreasesWith
p682	define
p683	definedAs
p684	definedBy
p685	definedUsing
p686	defines
p687	degrades
p688	delays
p689	deliveredAs
p690	deliveredVia
p691	delivers
p692	deliversServiceVia
p693	deliversVectorTo
p694	demonstrate
p695	demonstratedBenefitIn
p696	demonstratedEfficacyIn
p697	demonstrates
p698	demonstratesEfficacyIn
p699	demonstratesSynergyWith
p700	dependOn
p701	dependsOn
p702	depolarizes
p703	deprioritizes
p704	derive
p705	derivedFrom
p706	derives
p707	derivesFrom
p708	describedIn
p709	desensitizes
p710	design
p711	designedToTarget
p712	desiredBy
p713	destabilizes
p714	detectedIn
p715	detects
p716	detectsAverageSomaticSNVCandidates
p717	detectsMore
p718	determines
p719	develop
p720	developedWith
p721	develops
p722	developsLater
p723	developsSeizureType
p724	diagnosedIn
p725	diagnosedWith
p726	didNotCause
p727	didNotChange
p728	didNotDifferSignificantlyBy
p729	didNotEvaluate
p730	didNotExhibit
p731	didNotImprove
p732	didNotOccurDuring
p733	didNotReduce
p734	didNotShow
p735	didNotSignificantlyAlter
p736	differAt
p737	differFrom
p738	differIn
p739	differSignificantlyBetween
p740	differentiate
p741	differentiateInto
p742	differentiates
p743	differentiatesInto
p744	differsBetween
p745	differsFrom
p746	differsInPrevalenceBetween
p747	differsOnlyBy
p748	difficultIn
p749	difficultToDefineBecauseOf
p750	diminishes
p751	directlyActivates
p752	disables
p753	discordantFor
p754	discoveredBy
p755	disinhibits
p756	displaces
p757	disrupt
p758	disrupts
p759	dissects
p760	dissolvedIn
p761	distinctFrom
p762	distinguishes
p763	distinguishesFrom
p764	distributedEquallyBetween
p765	distributedTo
p766	disturbs
p767	divergedFrom
p768	dividedInto
p769	doNotAchieve
p770	doNotAlter
p771	doNotCause
p772	doNotChangeAfter
p773	doNotExhibit
p774	doNotExplain
p775	doNotPredict
p776	doNotShow
p777	doesNotActAs
p778	doesNotActSolelyVia
p779	doesNotActivate
p780	doesNotAffect
p781	doesNotAlter
p782	doesNotAlwaysCorrelateWith
p783	doesNotAmeliorate
p784	doesNotAssociateWith
p785	doesNotBind
p786	doesNotBindDirectlyTo
p787	doesNotBlock
p788	doesNotCause
p789	doesNotChange
p790	doesNotChangeAfter
p791	doesNotCorrelateWith
p792	doesNotCounteract
p793	doesNotCover
p794	doesNotCross
p795	doesNotDependOn
p796	doesNotDetermine
p797	doesNotDevelop
p798	doesNotDifferBetween
p799	doesNotDifferentiate
p800	doesNotDirectlyExplain
p801	doesNotDisplace
p802	doesNotDisrupt
p803	doesNotEliminate
p804	doesNotEnhance
p805	doesNotExacerbate
p806	doesNotExclude
p807	doesNotExert
p808	doesNotExhibit
p809	doesNotExplain
p810	doesNotExplainFully
p811	doesNotFullyExplain
p812	doesNotFullyModel
p813	doesNotFullyNeutralize
p814	doesNotFurtherIncrease
p815	doesNotFurtherReduce
p816	doesNotGuarantee
p817	doesNotIdentify
p818	doesNotImpair
p819	doesNotImply
p820	doesNotImprove
p821	doesNotIncrease
p822	doesNotInduce
p823	doesNotInhibit
p824	doesNotMean
p825	doesNotMitigate
p826	doesNotModify
p827	doesNotModulate
p828	doesNotNecessarilyReflect
p829	doesNotNormalize
p830	doesNotPersistDuring
p831	doesNotPredict
p832	doesNotPrevent
p833	doesNotProduce
p834	doesNotProgressTo
p835	doesNotProvide
p836	doesNotReadThrough
p837	doesNotRecapitulate
p838	doesNotReduce
p839	doesNotReplace
p840	doesNotRequire
p841	doesNotRescue
p842	doesNotResolve
p843	doesNotRespondTo
p844	doesNotRestore
p845	doesNotShow
p846	doesNotShowClearAdditionalBenefitOver
p847	doesNotSignificantlyAffect
p848	doesNotSignificantlyAlter
p849	doesNotSuppress
p850	doesNotTarget
p851	doesNotUpregulate
p852	doesNotWorsen
p853	dosage
p854	dose
p855	doseAdjustedFor
p856	doseEscalation
p857	doseRange
p858	doseReducedTo
p859	doubleBlind
p860	doubledTo
p861	downregulates
p862	drive
p863	drivenBy
p864	drives
p865	drivesDeletionIn
p866	drivesExpressionIn
p867	drivesExpressionOf
p868	drivesHigherExpressionThan
p869	dueTo
p870	duration
p871	dysregulates
p872	effectIsLostIn
p873	effectiveAcross
p874	effectiveBeyond
p875	effectiveIn
p876	effectiveIndependentOf
p877	effectiveWhenAddedTo
p878	effectiveWith
p879	effectsInfluencedBy
p880	efficacyIndependentOf
p881	elevates
p882	elicits
p883	eligibleFor
p884	eliminates
p885	embeddedIn
p886	embeds
p887	emergeDuring
p888	emergesAs
p889	emergesAt
p890	emergesDuring
p891	emits
p892	enable
p893	enables
p894	enablesAssessmentOf
p895	enablesDifferentiationInto
p896	enablesIdentificationOf
p897	enablesMeasurementOf
p898	enablesReadThroughIn
p899	encodedBy
p900	encodes
p901	encompasses
p902	endedAfter
p903	endsAt
p904	engage
p905	engineeredBy
p906	engineeredFor
p907	engulfs
p908	enhancedBy
p909	enhances
p910	enrichedAt
p911	enrichedFor
p912	enrichedIn
p913	enriches
p914	enrichesFor
p915	enrolled
p916	enrolls
p917	enrollsFrom
p918	ensures
p919	enters
p920	entersNeuronVia
p921	entersPhase
p922	equals
p923	equippedWith
p924	establishes
p925	estimatedBy
p926	estimatedContributionToDiagnosis
p927	estimatedFrom
p928	estimates
p929	evaluate
p930	evaluatedAt
p931	evaluatedBy
p932	evaluatedIn
p933	evaluatedUsing
p934	evaluates
p935	evaluatesEffectOf
p936	evaluatesEffectOn
p937	evaluatesImpactOf
p938	evaluatesRelationshipBetween
p939	evokes
p940	evolvesTo
p941	evolvesWith
p942	exacerbate
p943	exacerbates
p944	exacerbatesIn
p945	examinedAfter
p946	examinedBefore
p947	examines
p948	examinesBackgroundStrains
p949	examinesWhether
p950	exceeds
p951	excises
p952	excludedFrom
p953	excludedFromPreviousTrialWhenCombinedWith
p954	excludedIf
p955	excludes
p956	excludesGeneticVariant
p957	excludesPatients
p958	excludesRelative
p959	exerts
p960	exertsEffectVia
p961	exhibit
p962	exhibits
p963	exhibitsAlterationIn
p964	exhibitsPhenotype
p965	existIn
p966	existsAs
p967	existsBetween
p968	existsFor
p969	existsIn
p970	expandSpectrumTo
p971	expands
p972	expandsModelOf
p973	expandsPhenotypeOf
p974	expectedToHave
p975	experience
p976	experienced
p977	experiences
p978	explain
p979	explainedBy
p980	explains
p981	explainsPartOf
p982	explores
p983	exports
p984	exposedTo
p985	exposes
p986	express
p987	expressedAs
p988	expressedIn
p989	expresses
p990	expressionIsMeasuredBy
p991	extends
p992	extendsBeyond
p993	extendsFrom
p994	extendsMedianSurvivalTo
p995	extendsTo
p996	extractedFrom
p997	extracts
p998	faceRiskOf
p999	faces
p1000	facesChallenge
p1001	facesLimitation
p1002	facilitate
p1003	facilitates
p1004	facilitatesDiscontinuationOf
p1005	facilitatesInvestigationOf
p1006	failToAchieve
p1007	failToAlter
p1008	failsTargetDoseDueTo
p1009	failsToAchieve
p1010	failsToActivate
p1011	failsToCatalyze
p1012	failsToCompensateAfter
p1013	failsToControl
p1014	failsToCorrect
p1015	failsToDetect
p1016	failsToForm
p1017	failsToImprove
p1018	failsToIncorporateInto
p1019	failsToIncrease
p1020	failsToModify
p1021	failsToModulate
p1022	failsToNormalize
p1023	failsToPreferentiallyTransduce
p1024	failsToPrevent
p1025	failsToProtectAgainst
p1026	failsToProvide
p1027	failsToReach
p1028	failsToReduce
p1029	failsToRescue
p1030	failsToReturnTo
p1031	failsToReverse
p1032	failsToScaleWith
p1033	failsToTrigger
p1034	fastedFor
p1035	favors
p1036	features
p1037	filtersAgainst
p1038	filtersInputFrom
p1039	finds
p1040	firesAt
p1041	firesMore
p1042	firstDescribedBy
p1043	firstLineImmunotherapy
p1044	firstLineTreatment
p1045	fitsWithin
p1046	flanks
p1047	fluorescesIn
p1048	focusesOn
p1049	followedAt
p1050	followedBy
p1051	follows
p1052	followsGuideline
p1053	forces
p1054	form
p1055	formSubtypeOf
p1056	forms
p1057	formsPlexusIn
p1058	formsSynapseType
p1059	foundIn
p1060	fourthLineImmunotherapy
p1061	frames
p1062	frequency
p1063	frequencyIsMajorRiskFactorFor
p1064	functionallyAssessedIn
p1065	functionsAs
p1066	furtherIncreases
p1067	furtherReduces
p1068	generalizesTo
p1069	generallyWellToleratedAt
p1070	generatedBy
p1071	generatedByBreeding
p1072	generates
p1073	generatesGenotype
p1074	geneticBackground
p1075	grantedBy
p1076	greaterIn
p1077	greaterThan
p1078	greaterThanSevenPercent
p1079	greaterWith
p1080	groups
p1081	guides
p1082	guidesTherapyForMutationIn
p1083	had
p1084	hadBetterTolerabilityWith
p1085	hadComorbidity
p1086	hadConcurrentTreatmentWith
p1087	hadDiagnosis
p1088	hadEfficacyIn
p1089	hadMeanSeizureReductionOf
p1090	hadNoEffectOn
p1091	hadNoSignificantEffectOn
p1092	hadPeriod
p1093	hadPrevalenceInStudy
p1094	hadResponderRateOf
p1095	hadResponseRateToZonisamide
p1096	hadSeizureFreeRateOf
p1097	handledBy
p1098	handles
p1099	harbors
p1100	has
p1101	hasA
p1102	hasACMGClassification
p1103	hasAbnormal
p1104	hasAbnormalFiringIn
p1105	hasAcceptable
p1106	hasAcceptableSafetyProfile
p1107	hasAccessTo
p1108	hasAcuteAdverseEffect
p1109	hasAdditiveEffectWith
p1110	hasAdministrationRoute
p1111	hasAdvantage
p1112	hasAdvantageFor
p1113	hasAdvantageOf
p1114	hasAdvantageOver
p1115	hasAdverseEffect
p1116	hasAdverseEffectProfile
p1117	hasAdverseEffectRisk
p1118	hasAdverseEvent
p1119	hasAdverseEventIncidence
p1120	hasAdverseEventSeverity
p1121	hasAffinityFor
p1122	hasAge
p1123	hasAgeAtFirstSeizure
p1124	hasAgeDependentNeeds
p1125	hasAgeOfOnset
p1126	hasAgeOfOnsetWithin
p1127	hasAgeRange
p1128	hasAgonistActivityAt
p1129	hasAlleleFraction
p1130	hasAlleleFractionInChildren
p1131	hasAlleleFractionInFather
p1132	hasAlleleFractionRange
p1133	hasAlteredLevelOf
p1134	hasAlternateAlleleFractionThreshold
p1135	hasAlternateName
p1136	hasAlternativeName
p1137	hasAlternativePromoter
p1138	hasAlternativeTherapy
p1139	hasAminoAcidIdentityScoreOf
p1140	hasAnalyte
p1141	hasAnticonvulsantActivity
p1142	hasAnticonvulsantEffect
p1143	hasAnticonvulsantEffectOn
p1144	hasAntiepilepticEffect
p1145	hasAntiseizureActivityIn
p1146	hasAntiseizureEffect
p1147	hasAntiseizureEffectIn
p1148	hasAntiseizureProperty
p1149	hasApprovalFrom
p1150	hasApproximateMolecularWeight
p1151	hasAssessment
p1152	hasAssociatedAdverseEffect
p1153	hasAssociatedAntibody
p1154	hasAssociatedAntigen
p1155	hasAssociatedGene
p1156	hasAssociatedMutationIn
p1157	hasAssociationWith
p1158	hasAstrogliosisValue
p1159	hasAttribute
p1160	hasAutismSpectrumDisorderPrevalence
p1161	hasAutonomicDysregulation
p1162	hasAverageLifespan
p1163	hasBackgroundStrain
p1164	hasBarrier
p1165	hasBaselineConvulsiveSeizures
p1166	hasBaselineMedian
p1167	hasBaselinePeriod
p1168	hasBaselineRate
p1169	hasBaselineSeizureType
p1170	hasBeenModeledWith
p1171	hasBeenReportedIn
p1172	hasBehavioralCorrelate
p1173	hasBehavioralFeature
p1174	hasBehavioralPhenotype
p1175	hasBenefitRiskProfile
p1176	hasBetter
p1177	hasBetterEfficacyIn
p1178	hasBindingAffinity
p1179	hasBindingTo
p1180	hasBioavailability
p1181	hasBiologicalRole
p1182	hasBiomarker
p1183	hasBiophysicalEffect
p1184	hasBiophysicalProperty
p1185	hasBlunted
p1186	hasBrainPenetration
p1187	hasBrandName
p1188	hasBroadApplicationPotential
p1189	hasCBDConcentration
p1190	hasCBDTHCRatio
p1191	hasCapability
p1192	hasCardiacOutcome
p1193	hasCardiacRisk
p1194	hasCardiacSafetyFinding
p1195	hasCardiopulmonaryOutcome
p1196	hasCareLevel
p1197	hasCaregiverImpact
p1198	hasCaseCount
p1199	hasCausativeGene
p1200	hasCause
p1201	hasCellCoverage
p1202	hasCellPopulation
p1203	hasCellTreatmentDose
p1204	hasCellType
p1205	hasCentralNervousSystemImpact
p1206	hasCharacteristic
p1207	hasChemicalClass
p1208	hasChemicalFeature
p1209	hasCircadianRhythm
p1210	hasClinicalCenters
p1211	hasClinicalChallenge
p1212	hasClinicalCourse
p1213	hasClinicalEfficacyIn
p1214	hasClinicalEvidenceIn
p1215	hasClinicalFeasibility
p1216	hasClinicalFeature
p1217	hasClinicalFormulation
p1218	hasClinicalHistory
p1219	hasClinicalImplication
p1220	hasClinicalManifestationCompatibleWith
p1221	hasClinicalOnset
p1222	hasClinicalOutcome
p1223	hasClinicalPhenotype
p1224	hasClinicalPresentationCharacteristic
p1225	hasClinicalProgression
p1226	hasClinicalRelevanceIn
p1227	hasClinicalSignificance
p1228	hasClinicalSpectrum
p1229	hasClinicalTrialIdentifier
p1230	hasCloningCapacity
p1231	hasCodingProperty
p1232	hasCoefficientOfDetermination
p1233	hasCognitiveDeficit
p1234	hasCognitiveImpairment
p1235	hasCognitivePhenotype
p1236	hasCognitiveProfile
p1237	hasCohortSize
p1238	hasCommonSubstitution
p1239	hasCommunicationType
p1240	hasComorbidity
p1241	hasComorbidityPersistence
p1242	hasComparable
p1243	hasComparableEffectTo
p1244	hasComparableEfficacyTo
p1245	hasComparableRetentionTo
p1246	hasCompensatoryMechanism
p1247	hasComplexPathogenesis
p1248	hasComplication
p1249	hasComponent
p1250	hasComposition
p1251	hasCompoundCount
p1252	hasConcentration
p1253	hasConcern
p1254	hasConclusion
p1255	hasCondition
p1256	hasConfidenceInterval
p1257	hasConfirmedDiagnosis
p1258	hasConfirmedMutation
p1259	hasConfirmedMutationIn
p1260	hasConservedPathway
p1261	hasConstituent
p1262	hasContraindication
p1263	hasContributingFactor
p1264	hasControversialImpactOn
p1265	hasCoreFeature
p1266	hasCorrelationCoefficient
p1267	hasCorrelationWithDose
p1268	hasCount
p1269	hasCountries
p1270	hasCriticalRoleIn
p1271	hasCutoffValue
p1272	hasCytokine
p1273	hasDNAVariant
p1274	hasDataCollectionMethod
p1275	hasDecreased
p1276	hasDecreasedExpressionComparedToControl
p1277	hasDeficitIn
p1278	hasDefinition
p1279	hasDelayed
p1280	hasDelayedDiagnosis
p1281	hasDelta9TetrahydrocannabinolContent
p1282	hasDenseLocalizationIn
p1283	hasDepartment
p1284	hasDepolarized
p1285	hasDesign
p1286	hasDesignChoice
p1287	hasDetectionLimitFor
p1288	hasDevelopment
p1289	hasDevelopmentInInfancy
p1290	hasDevelopmentalComponent
p1291	hasDevelopmentalCourse
p1292	hasDevelopmentalFeature
p1293	hasDevelopmentalOrigin
p1294	hasDevelopmentalStage
p1295	hasDevelopmentalState
p1296	hasDevelopmentalStatus
p1297	hasDevelopmentalTrajectory
p1298	hasDiagnosis
p1299	hasDiagnosisBasis
p1300	hasDiagnosticApproach
p1301	hasDiagnosticBasis
p1302	hasDiagnosticValueIn
p1303	hasDiagnosticYield
p1304	hasDietComposition
p1305	hasDietRatio
p1306	hasDiminished
p1307	hasDisadvantage
p1308	hasDiscontinuationDueToAdverseEvents
p1309	hasDiseaseCategory
p1310	hasDiseaseSeverity
p1311	hasDiseaseStage
p1312	hasDiseaseType
p1313	hasDistinctMechanismFrom
p1314	hasDistinctTargetFrom
p1315	hasDistribution
p1316	hasDisturbed
p1317	hasDisulfideBond
p1318	hasDomain
p1319	hasDosageForm
p1320	hasDose
p1321	hasDoseAdjustmentRule
p1322	hasDoseDependentEffect
p1323	hasDoseDependentRisk
p1324	hasDoseEscalationStep
p1325	hasDoseLimitationWith
p1326	hasDoseProportionalPharmacokinetics
p1327	hasDoseRange
p1328	hasDoseResponse
p1329	hasDownregulated
p1330	hasDrugClass
p1331	hasDrugDrugInteractionWith
p1332	hasDrugInteractionWith
p1333	hasDrugLoad
p1334	hasDrugRetentionRateOf
p1335	hasDrugType
p1336	hasDualEffect
p1337	hasDualEffectOn
p1338	hasDurableResponseIn
p1339	hasDuration
p1340	hasDurationProperty
p1341	hasECoGPattern
p1342	hasEEGFeature
p1343	hasEEGFinding
p1344	hasEEGPattern
p1345	hasEEGResult
p1346	hasEEGSignature
p1347	hasEarlier
p1348	hasEarlierSeizureOnsetThan
p1349	hasEarlyLifeCourse
p1350	hasEarlyOnset
p1351	hasEarlyOnsetOf
p1352	hasEarlyStageFeature
p1353	hasEffect
p1354	hasEffectBeyond
p1355	hasEffectIndependentOf
p1356	hasEffectOn
p1357	hasEfficacy
p1358	hasEfficacyFor
p1359	hasEfficacyIn
p1360	hasEfficacyOutcome
p1361	hasEfficacyRate
p1362	hasEfficacySimilarTo
p1363	hasElectroencephalographyFeature
p1364	hasElectrophysiologicProperty
p1365	hasElectrophysiologicalAbnormality
p1366	hasElectrophysiologicalChange
p1367	hasElectrophysiologicalPhenotype
p1368	hasElevated
p1369	hasEnhanced
p1370	hasEntrapmentEfficiency
p1371	hasEpilepsySeverity
p1372	hasEpilepsyType
p1373	hasEpitopeTag
p1374	hasEstimatedIncidence
p1375	hasEthicsApproval
p1376	hasEtiology
p1377	hasEvidenceFrom
p1378	hasEvidenceIn
p1379	hasEvolutionaryProperty
p1380	hasExaggerated
p1381	hasExcitatoryFunction
p1382	hasExclusionCriteria
p1383	hasExclusionCriterion
p1384	hasExonCount
p1385	hasExposureOutcome
p1386	hasExpressionSimilarToControl
p1387	hasExpressionSite
p1388	hasFamilyHistory
p1389	hasFamilyHistoryOf
p1390	hasFatToProteinCarbohydrateRatio
p1391	hasFavorable
p1392	hasFeasibility
p1393	hasFebrileSeizureOnset
p1394	hasFemalePercentage
p1395	hasFewer
p1396	hasFiringChange
p1397	hasFiringMode
p1398	hasFiringPattern
p1399	hasFirstGeneralizedSeizureAt
p1400	hasFirstIntroductionYear
p1401	hasFirstManifestation
p1402	hasFlankingElement
p1403	hasFlowRate
p1404	hasFoldDifferenceRelativeTo
p1405	hasFollowUpCompletionDate
p1406	hasFollowUpDuration
p1407	hasFollowUpPeriod
p1408	hasFormulation
p1409	hasFrequency
p1410	hasFrequencyComponent
p1411	hasFrequencyRange
p1412	hasFrequencyStandardError
p1413	hasFrequent
p1414	hasFunction
p1415	hasFunctionalDifferenceFrom
p1416	hasFunctionalEffect
p1417	hasFunctionalPrediction
p1418	hasFunctionalProperty
p1419	hasFunctionalRole
p1420	hasFutureDirection
p1421	hasGaitPhenotype
p1422	hasGene
p1423	hasGeneAttribute
p1424	hasGeneticAlteration
p1425	hasGeneticAssociation
p1426	hasGeneticBackground
p1427	hasGeneticCause
p1428	hasGeneticContribution
p1429	hasGeneticEtiology
p1430	hasGeneticFeature
p1431	hasGeneticFinding
p1432	hasGeneticHeterogeneity
p1433	hasGeneticManipulation
p1434	hasGeneticMutationIn
p1435	hasGeneticProperty
p1436	hasGeneticSimilarityTo
p1437	hasGenomeProperty
p1438	hasGenomeType
p1439	hasGenomicType
p1440	hasGenotype
p1441	hasGlycolyticFunction
p1442	hasGoal
p1443	hasGood
p1444	hasGoodOutcomeAtSixMonths
p1445	hasGoodOutcomeAtThreeMonths
p1446	hasGreaterAgonistActivityAt
p1447	hasGreaterEffectThan
p1448	hasGreaterEfficacyWhenCombinedWith
p1449	hasHalfLife
p1450	hasHigh
p1451	hasHighCapacityFor
p1452	hasHighDiagnosticYield
p1453	hasHighDrugResistance
p1454	hasHighFatalityRateComparedWith
p1455	hasHighGeneticHeterogeneity
p1456	hasHighOralBioavailability
p1457	hasHighRateOf
p1458	hasHighRisk
p1459	hasHighRiskOf
p1460	hasHighSCN1AMutationRate
p1461	hasHigher
p1462	hasHigherActivityThan
p1463	hasHigherAffinityFor
p1464	hasHigherDrugResistanceThan
p1465	hasHigherEfficacyIn
p1466	hasHigherEfficacyWhenInitiatedAt
p1467	hasHigherEfficacyWith
p1468	hasHigherExpressionIn
p1469	hasHigherFrequencyOf
p1470	hasHigherGLT1ExpressionThan
p1471	hasHigherIncidence
p1472	hasHigherMortalityDuring
p1473	hasHigherProportionOf
p1474	hasHigherRateOfAtaxiaThan
p1475	hasHigherRateOfDevelopmentalDelayThan
p1476	hasHigherRelativeChangeIn
p1477	hasHigherResponseRateThan
p1478	hasHigherRetentionThan
p1479	hasHigherRiskOf
p1480	hasHigherSensitivityThan
p1481	hasHigherSimilarityTo
p1482	hasHigherThresholdFor
p1483	hasHighest
p1484	hasHighestRateOf
p1485	hasHighestResponderRateAmong
p1486	hasHighestRiskOf
p1487	hasHomolog
p1488	hasHyperpolarized
p1489	hasIC50
p1490	hasIctalEpileptiformAbnormality
p1491	hasIctalRecordings
p1492	hasIdentity
p1493	hasImagingResult
p1494	hasImpactOn
p1495	hasImpaired
p1496	hasImpairedFiringIn
p1497	hasImpairmentIn
p1498	hasImplementationLanguage
p1499	hasImproved
p1500	hasImprovedProperty
p1501	hasIncidence
p1502	hasIncidenceOf
p1503	hasInclusionCriteria
p1504	hasInclusionCriterion
p1505	hasIncreased
p1506	hasIncreasedExpressionComparedToControl
p1507	hasIncreasedExpressionComparedToDS2Organoid
p1508	hasIncreasedRisk
p1509	hasIncreasedRiskOf
p1510	hasIncreasedSensitivityTo
p1511	hasIncreasedSusceptibilityTo
p1512	hasIndication
p1513	hasInheritanceMode
p1514	hasInheritancePattern
p1515	hasInhibitionMode
p1516	hasInhibitoryFunction
p1517	hasInitialDevelopment
p1518	hasInitialDose
p1519	hasInitialSeizureTrigger
p1520	hasInitialSeizureType
p1521	hasInterIctalEpileptiformAbnormality
p1522	hasInterface
p1523	hasInterictalActivity
p1524	hasInterictalECoGPattern
p1525	hasInternalStandard
p1526	hasInterventionDuration
p1527	hasIonChannel
p1528	hasIonizationMode
p1529	hasIssue
p1530	hasItem
p1531	hasKiValue
p1532	hasKnockdownModel
p1533	hasLargestDeficitIn
p1534	hasLastingImpactOn
p1535	hasLater
p1536	hasLaterOnsetThan
p1537	hasLaterStageFeature
p1538	hasLaterality
p1539	hasLength
p1540	hasLess
p1541	hasLessImpaired
p1542	hasLessProminent
p1543	hasLiability
p1544	hasLifelongSeizureType
p1545	hasLimitOfDetection
p1546	hasLimitOfQuantification
p1547	hasLimitation
p1548	hasLimited
p1549	hasLimitedAccessTo
p1550	hasLimitedEfficacyIn
p1551	hasLimitedEvidenceFor
p1552	hasLimitedImpactOn
p1553	hasLimitedSensitivityFor
p1554	hasLimitedTreatmentOption
p1555	hasLinearRange
p1556	hasLipidomicPhenotype
p1557	hasLittleEffectOn
p1558	hasLocalization
p1559	hasLongTermAdverseEffect
p1560	hasLongTermEffect
p1561	hasLonger
p1562	hasLossOfFunctionVariant
p1563	hasLow
p1564	hasLowAndVariable
p1565	hasLowDose
p1566	hasLowExpressionIn
p1567	hasLowPopulationFrequency
p1568	hasLowRiskOf
p1569	hasLowSideEffectRate
p1570	hasLower
p1571	hasLowerEfficacyAt
p1572	hasLowerExpressionIn
p1573	hasLowerFrequencyOf
p1574	hasLowerOnsetTemperatureThan
p1575	hasLowerProportionOf
p1576	hasLowerResponderRateThan
p1577	hasLowerRiskOf
p1578	hasLowerSeizureThresholdThan
p1579	hasLowerSeverityThan
p1580	hasLowerSpreadTo
p1581	hasLowerThresholdFor
p1582	hasLowerUptakeThan
p1583	hasLowered
p1584	hasLowest
p1585	hasMAF
p1586	hasMRIResult
p1587	hasMainComponent
p1588	hasMaintenanceDose
p1589	hasMaintenanceDoseCategory
p1590	hasMaintenancePeriod
p1591	hasMalePercentage
p1592	hasManifestation
p1593	hasMarker
p1594	hasMatrixEffect
p1595	hasMaturationProcess
p1596	hasMaximumDose
p1597	hasMaximumToleratedConcentration
p1598	hasMeanAEDCount
p1599	hasMeanAge
p1600	hasMeanBaselineConvulsiveSeizureFrequency
p1601	hasMeanCannabidiolDose
p1602	hasMeanDose
p1603	hasMeanValue
p1604	hasMechanism
p1605	hasMechanismOfAction
p1606	hasMechanismRelatedTo
p1607	hasMechanisticOverlapWith
p1608	hasMedian
p1609	hasMedianAge
p1610	hasMedianDuration
p1611	hasMedianReduction
p1612	hasMedianSeizureFreeInterval
p1613	hasMedianSeizureReduction
p1614	hasMedianSurvival
p1615	hasMedicationResponse
p1616	hasMetabolicFunction
p1617	hasMetabolicPhenotype
p1618	hasMetabolite
p1619	hasMethod
p1620	hasMiRNALevel
p1621	hasMilderPhenotypeThan
p1622	hasMildlyElevatedExpressionComparedToControl
p1623	hasMinimal
p1624	hasMinimalImpactOn
p1625	hasMinimumDuration
p1626	hasMitochondrialRespirationDeficit
p1627	hasMobilityStatus
p1628	hasModel
p1629	hasModestAnticonvulsantActivity
p1630	hasModestEffectivenessIn
p1631	hasModestRoleIn
p1632	hasMolecularClass
p1633	hasMolecularConsequence
p1634	hasMolecularFinding
p1635	hasMolecularPhenotype
p1636	hasMolecularTarget
p1637	hasMolecularTargetType
p1638	hasMolecularType
p1639	hasMore
p1640	hasMoreNegative
p1641	hasMoreReduced
p1642	hasMorphology
p1643	hasMortalityBefore
p1644	hasMortalityPattern
p1645	hasMortalityRate
p1646	hasMortalityRateBeforeP35
p1647	hasMortalityRisk
p1648	hasMotorFeature
p1649	hasMotorPhenotype
p1650	hasMultipleSeizureType
p1651	hasMultipleSeizureTypes
p1652	hasMutation
p1653	hasMutationFrequency
p1654	hasMutationFrequencyIn
p1655	hasMutationIn
p1656	hasMutationPresence
p1657	hasMutationType
p1658	hasName
p1659	hasNav1.1Expression
p1660	hasNav1.1ExpressionIn
p1661	hasNav1.1ExpressionLevel
p1662	hasNav1.1Immunopositivity
p1663	hasNav1.1Localization
p1664	hasNeedFor
p1665	hasNegativeBiasTo
p1666	hasNegligibleEffectOn
p1667	hasNetworkState
p1668	hasNeuroPathologyFinding
p1669	hasNeurocognitiveFinding
p1670	hasNeuromodulatoryActivity
p1671	hasNeuronModel
p1672	hasNeuroprotectiveRole
p1673	hasNo
p1674	hasNoActivityAt
p1675	hasNoDoseEffectRelationship
p1676	hasNoDoseResponseRelationshipForAdverseEffects
p1677	hasNoEffectOn
p1678	hasNoInteractionWith
p1679	hasNoRiskOf
p1680	hasNoSeriousAdverseEvents
p1681	hasNonSeizureManifestation
p1682	hasNormal
p1683	hasNormalDevelopmentBeforeSeizureOnset
p1684	hasObjective
p1685	hasOnset
p1686	hasOnsetAge
p1687	hasOnsetBefore
p1688	hasOnsetIn
p1689	hasOnsetPattern
p1690	hasOnsetProperty
p1691	hasOnsetWithin
p1692	hasOpposingEffectsOn
p1693	hasOpposingExcitabilityChangeRelativeTo
p1694	hasOptimalDose
p1695	hasOralMotorControl
p1696	hasOralMotorPhenotype
p1697	hasOriginalIndication
p1698	hasOrtholog
p1699	hasOrthologIn
p1700	hasOutcome
p1701	hasOutcomeMeasure
p1702	hasOutput
p1703	hasOverallBenefitRiskProfile
p1704	hasPValue
p1705	hasParalogGene
p1706	hasParameter
p1707	hasParticipantCount
p1708	hasParticipantType
p1709	hasParticleSize
p1710	hasPathogenicMechanism
p1711	hasPathogenicVariantsThatCause
p1712	hasPathology
p1713	hasPathologyAt
p1714	hasPathophysiology
p1715	hasPatientCount
p1716	hasPeakSeizureIncidenceAt
p1717	hasPenetranceCharacteristic
p1718	hasPharmacokineticInteractionWith
p1719	hasPharmacologicEffect
p1720	hasPharmacologicProperty
p1721	hasPhase
p1722	hasPhenotype
p1723	hasPhenotypicHeterogeneity
p1724	hasPhysiologicAbnormality
p1725	hasPlaceboAdjustedReduction
p1726	hasPlasmaConcentrationIncreaseWith
p1727	hasPoisonExon
p1728	hasPoor
p1729	hasPoorActivityAt
p1730	hasPoorPrognosis
p1731	hasPopulation
p1732	hasPositive
p1733	hasPositiveCorrelationWith
p1734	hasPossibleEtiology
p1735	hasPossibleOrigin
p1736	hasPostictalECoGChange
p1737	hasPosture
p1738	hasPotencyIndependentOf
p1739	hasPotential
p1740	hasPotentialBenefitFor
p1741	hasPotentialEffect
p1742	hasPotentialFor
p1743	hasPotentialLiability
p1744	hasPotentialRoleIn
p1745	hasPotentialTherapeuticApplicationIn
p1746	hasPotentialTherapeuticEffectIn
p1747	hasPotentialTherapeuticTarget
p1748	hasPotentialToProvide
p1749	hasPotentialTreatment
p1750	hasPotentialUseBeyond
p1751	hasPotentialUseIn
p1752	hasPreInterventionPeriod
p1753	hasPredictiveValidityFor
p1754	hasPredominantly
p1755	hasPreferentialActivityIn
p1756	hasPreferredMedication
p1757	hasPreferredRouteOfAdministration
p1758	hasPrematureMortality
p1759	hasPreserved
p1760	hasPrevalence
p1761	hasPreviouslyStudiedDose
p1762	hasPrimaryCausalGene
p1763	hasPrimaryGeneticCause
p1764	hasPriorEvidenceFrom
p1765	hasPriorUseIn
p1766	hasProconvulsantEffectOn
p1767	hasProdrome
p1768	hasPrognosis
p1769	hasPrognosticFeature
p1770	hasProgressiveSymptomology
p1771	hasPromoter
p1772	hasProperty
p1773	hasProphylacticEfficacyAgainst
p1774	hasProportionGABAPositive
p1775	hasProposedMechanism
p1776	hasProtectiveInfluenceOn
p1777	hasProtectiveRoleAgainst
p1778	hasProteinChange
p1779	hasPsychomotorRetardationAfterAge
p1780	hasPulmonarySafetyFinding
p1781	hasPurifyingSelectionExposure
p1782	hasRandomizationRatio
p1783	hasRange
p1784	hasRapidOnsetOfEffect
p1785	hasRareAdverseEffect
p1786	hasReason
p1787	hasRecombinationEfficiency
p1788	hasRecombinationIn
p1789	hasRecommendation
p1790	hasRecommendedTreatment
p1791	hasRecorded
p1792	hasRecordedAge
p1793	hasRecovery
p1794	hasRecruitmentCountry
p1795	hasRecruitmentPeriod
p1796	hasReduced
p1797	hasReducedBindingAffinityFor
p1798	hasReducedDoseWith
p1799	hasReducedLevelOf
p1800	hasReducedNav1.1ImmunoreactivityIn
p1801	hasReducedNav1.1In
p1802	hasRegion
p1803	hasRegulatoryApproval
p1804	hasRegulatoryEnvironment
p1805	hasRegulatoryFeature
p1806	hasRegulatoryStatus
p1807	hasRelativeBioavailability
p1808	hasReportedEffect
p1809	hasReportedSeizureReduction
p1810	hasReporter
p1811	hasResearchGap
p1812	hasResearchUse
p1813	hasRespirationForSpeech
p1814	hasResponderDefinition
p1815	hasResponderRate
p1816	hasResponseRate
p1817	hasRetentionRate
p1818	hasRetentionTime
p1819	hasReversalPotential
p1820	hasRisk
p1821	hasRiskFactor
p1822	hasRiskOf
p1823	hasRole
p1824	hasRoleIn
p1825	hasRunTime
p1826	hasSCN1AMutationRate
p1827	hasSCN1AVariant
p1828	hasSafetyFollowUp
p1829	hasSafetyOutcome
p1830	hasSafetyProfile
p1831	hasSampleSize
p1832	hasSampleType
p1833	hasSecondLineMedication
p1834	hasSecondaryRoleIn
p1835	hasSection
p1836	hasSegment
p1837	hasSeizureCharacteristic
p1838	hasSeizureFeature
p1839	hasSeizureFreeRate
p1840	hasSeizureFrequency
p1841	hasSeizureInductionProbabilityWithKRM-II-81_10mgPerKg
p1842	hasSeizureInductionProbabilityWithKRM-II-81_5mgPerKg
p1843	hasSeizureInductionProbabilityWithVehicle
p1844	hasSeizureOnset
p1845	hasSeizureOnsetBeforeAge
p1846	hasSeizurePrecipitant
p1847	hasSeizureThreshold
p1848	hasSeizureTrigger
p1849	hasSeizureType
p1850	hasSelectivityFor
p1851	hasSemiologyFeature
p1852	hasSequenceVariant
p1853	hasSeriousAdverseEventRate
p1854	hasSerumLevelRange
p1855	hasSetting
p1856	hasSevereForm
p1857	hasSeverity
p1858	hasSexDistribution
p1859	hasShorter
p1860	hasSimilar
p1861	hasSimilarEffectOn
p1862	hasSimilarEfficacyIn
p1863	hasSimilarThresholdIn
p1864	hasSimilaritiesTo
p1865	hasSize
p1866	hasSizeThreshold
p1867	hasSmallParvalbuminInterneuronPopulation
p1868	hasSmallerEffectThan
p1869	hasSocialImpact
p1870	hasSocialPhenotype
p1871	hasSodiumCurrentChange
p1872	hasSodiumCurrentProperty
p1873	hasSpecies
p1874	hasSpectralFeature
p1875	hasSpeechAndLanguagePhenotype
p1876	hasSpeechIntelligibility
p1877	hasSpeechOutput
p1878	hasSpreadTo
p1879	hasStabilityIn
p1880	hasStage
p1881	hasStandardTreatment
p1882	hasStartingDose
p1883	hasStatisticalSignificance
p1884	hasStoppingCriterion
p1885	hasStrongEffectOn
p1886	hasStructuralMotif
p1887	hasStructureDeterminedBy
p1888	hasStudyDesign
p1889	hasStudyPhase
p1890	hasStudyPopulation
p1891	hasSubclass
p1892	hasSubsequentDevelopment
p1893	hasSubsetOf
p1894	hasSubtype
p1895	hasSubunit
p1896	hasSuddenDeathAfter
p1897	hasSurvivalPhenotype
p1898	hasSurvivalRate
p1899	hasSustained
p1900	hasSustainedResponseOverTime
p1901	hasSymptom
p1902	hasSynapticFunction
p1903	hasSynergisticEffectWith
p1904	hasSystemicExposure
p1905	hasTHCConcentration
p1906	hasTarget
p1907	hasTargetDose
p1908	hasTargetedExon
p1909	hasTargetedTherapy
p1910	hasTemporalExpression
p1911	hasTherapeuticEffect
p1912	hasTherapeuticPotentialFor
p1913	hasTherapeuticRelevanceFor
p1914	hasTherapeuticRole
p1915	hasTherapeuticUseIn
p1916	hasThickness
p1917	hasThreshold
p1918	hasThroughput
p1919	hasTimeDependentUptakeIn
p1920	hasTimeOfDayPreference
p1921	hasTimeOfOnset
p1922	hasTipDiameter
p1923	hasTitrationPeriod
p1924	hasTotalPatients
p1925	hasTradename
p1926	hasTransgene
p1927	hasTransition
p1928	hasTransitionTypeEnrichment
p1929	hasTranslationalPotential
p1930	hasTranslationalRelevance
p1931	hasTransmembraneSegment
p1932	hasTreatment
p1933	hasTreatmentEmergentAdverseEventRate
p1934	hasTreatmentGoal
p1935	hasTreatmentMedian
p1936	hasTreatmentPeriod
p1937	hasTreatmentResistance
p1938	hasTreatmentResistanceTo
p1939	hasTreatmentResponse
p1940	hasTrigger
p1941	hasTrioCount
p1942	hasType
p1943	hasTypicalOnset
p1944	hasTypicalOnsetIn
p1945	hasTypicalOnsetWith
p1946	hasTypicalOutcome
p1947	hasTypicalPresentation
p1948	hasTypicalSeizureType
p1949	hasTypicalSeverity
p1950	hasTypicalSeverityInDravetSyndrome
p1951	hasUnchanged
p1952	hasUnclear
p1953	hasUnclearEffectOn
p1954	hasUnclearEffectsOn
p1955	hasUnclearImplicationFor
p1956	hasUnique
p1957	hasUnknownEffectOn
p1958	hasUnknownMechanism
p1959	hasUnmetClinicalNeed
p1960	hasUnmetMedicalNeed
p1961	hasUntranslatedExon
p1962	hasUsageStatus
p1963	hasUse
p1964	hasVariable
p1965	hasVariableEffect
p1966	hasVariableEffectIn
p1967	hasVariableEfficacyAcross
p1968	hasVariableLongTermEfficacy
p1969	hasVariant
p1970	hasVariantName
p1971	hasVariantType
p1972	hasVolume
p1973	hasVolumePerHemisphere
p1974	hasWithdrawalRateDueToAdverseEvents
p1975	hasWorse
p1976	hascDNAChange
p1977	have
p1978	haveAgeRange
p1979	haveBeenReportedIn
p1980	haveComorbidity
p1981	haveConsequence
p1982	haveDiagnosis
p1983	haveDivergent
p1984	haveFrequency
p1985	haveHigh
p1986	haveHighFrequencyOf
p1987	haveHigher
p1988	haveHigherRiskOf
p1989	haveKDTImplementationRate
p1990	haveLimitation
p1991	haveLimitedImpactOn
p1992	haveLower
p1993	haveMeanAge
p1994	haveMedianAgeGroup
p1995	haveMutation
p1996	haveNoSignificantEffectOn
p1997	havePotentialRoleIn
p1998	haveProperty
p1999	haveReduced
p2000	haveStatus
p2001	haveUnclearRoleIn
p2002	haveUnmetTreatmentNeed
p2003	highIn
p2004	higherIn
p2005	highlight
p2006	highlights
p2007	highlightsNeedFor
p2008	hinders
p2009	historicallyLinkedTo
p2010	housedUnder
p2011	hydrolyzes
p2012	hyperexcites
p2013	hyperpolarizes
p2014	hypothesizedToImprove
p2015	hypothesizedToIncrease
p2016	hypothesizedToProvide
p2017	hypothesizedToReduce
p2018	hypothesizes
p2019	identified
p2020	identifiedAs
p2021	identifiedBy
p2022	identifiedFor
p2023	identifiedIn
p2024	identifies
p2025	identifiesAssociationAt
p2026	identifiesNeedFor
p2027	identifiesVariant
p2028	impactedBeyond
p2029	impacts
p2030	impair
p2031	impairs
p2032	impairsFunctionOf
p2033	impedes
p2034	implantedIn
p2035	implants
p2036	implement
p2037	implementedDuring
p2038	implementedFor
p2039	implementedWith
p2040	implements
p2041	implementsSynapse
p2042	implicatedIn
p2043	implicates
p2044	implicatesIn
p2045	implies
p2046	importantFor
p2047	imports
p2048	imposes
p2049	imposesBurdenOn
p2050	improved
p2051	improves
p2052	improvesAt
p2053	improvesDomain
p2054	improvesHealthOf
p2055	improvesOutcomeIn
p2056	improvesSurvivalIn
p2057	improvesWith
p2058	inCellType
p2059	inClinicalDevelopmentFor
p2060	inExcitatoryNeuronImproves
p2061	inExcitatoryNeuronPrevents
p2062	inExcitatoryNeuronPreventsOveractivationOf
p2063	inExcitatoryNeuronReduces
p2064	inInhibitoryNeuronDoesNotPrevent
p2065	inInhibitoryNeuronDoesNotPreventOveractivationOf
p2066	inInhibitoryNeuronDoesNotReduce
p2067	inLennoxGastautSyndrome
p2068	includeType
p2069	included
p2070	includedInEfficacyAnalysis
p2071	includes
p2072	includesAdverseEvent
p2073	includesCause
p2074	includesClinicalFeature
p2075	includesCohort
p2076	includesComorbidity
p2077	includesCondition
p2078	includesConnectionBetween
p2079	includesCurrent
p2080	includesDetargetingMotifFor
p2081	includesDiagnosis
p2082	includesDomain
p2083	includesEpilepsySyndrome
p2084	includesFamilyStructure
p2085	includesFeature
p2086	includesGene
p2087	includesGeneClass
p2088	includesGenotype
p2089	includesIntervention
p2090	includesMechanism
p2091	includesMutationsIn
p2092	includesNovelVariant
p2093	includesOnly
p2094	includesParticipantsWith
p2095	includesPatients
p2096	includesPatientsWith
p2097	includesPeriod
p2098	includesPhenotype
p2099	includesPhenotypeGroup
p2100	includesPopulation
p2101	includesPsychiatricIssue
p2102	includesRegion
p2103	includesReporter
p2104	includesSection
p2105	includesSeizureType
p2106	includesSemiology
p2107	includesSequenceType
p2108	includesSex
p2109	includesSignal
p2110	includesSite
p2111	includesSubscale
p2112	includesSubunit
p2113	includesSyndrome
p2114	includesTarget
p2115	includesType
p2116	includesVariant
p2117	incorporated
p2118	incorporates
p2119	increase
p2120	increaseBefore
p2121	increaseDuring
p2122	increaseOver
p2123	increaseRiskOf
p2124	increased
p2125	increasedBy
p2126	increasedIn
p2127	increasedLinearlyWith
p2128	increasedProportionallyWith
p2129	increases
p2130	increasesAfter
p2131	increasesBefore
p2132	increasesBetween
p2133	increasesBy
p2134	increasesDuring
p2135	increasesExpressionIn
p2136	increasesFrequencyOf
p2137	increasesFrom
p2138	increasesIn
p2139	increasesLevelOf
p2140	increasesLikelihoodOf
p2141	increasesOver
p2142	increasesOverTimeInCulture
p2143	increasesProbabilityOf
p2144	increasesPropensityFor
p2145	increasesProteinExpressionIn
p2146	increasesRiskFor
p2147	increasesRiskOf
p2148	increasesSeizureResistanceIn
p2149	increasesSeizureThresholdTemperature
p2150	increasesSensitivityTo
p2151	increasesSusceptibilityTo
p2152	increasesTranslationOf
p2153	increasesWith
p2154	increasinglyIncorporatedInto
p2155	independentOf
p2156	indicatedFor
p2157	indicates
p2158	induce
p2159	inducedBy
p2160	induces
p2161	inducesChangeIn
p2162	inducesMore
p2163	ineffectiveIn
p2164	infantileSpasmsTreatment
p2165	infectivityCorrelatesWith
p2166	infers
p2167	influence
p2168	influencedBy
p2169	influences
p2170	informedBy
p2171	informs
p2172	inheritedFrom
p2173	inherits
p2174	inhibits
p2175	initialCBDDose
p2176	initialDose
p2177	initialDoseChosenBy
p2178	initialSeizureType
p2179	initialTHCDose
p2180	initiallyPresentsWith
p2181	initiatedAt
p2182	initiatedBy
p2183	initiatedPostnatallyReduces
p2184	initiates
p2185	inserts
p2186	integrates
p2187	integratesInto
p2188	intendsToReceive
p2189	interactsWith
p2190	interferesWith
p2191	interneuronExcitabilityIsImpairedIn
p2192	introduce
p2193	introducedInto
p2194	introduces
p2195	investigatedIn
p2196	investigates
p2197	investigatesContributionOf
p2198	involves
p2199	involvesPathway
p2200	is
p2201	isA
p2202	isAPoisonExon
p2203	isAVoltageGatedSodiumChannel
p2204	isAbnormalAt
p2205	isAbolishedAt
p2206	isAbsent
p2207	isAbsentDuring
p2208	isAbsentFrom
p2209	isAbsentIn
p2210	isAbundantIn
p2211	isAcceptedBy
p2212	isAccessibleFor
p2213	isAchievedBy
p2214	isActionPotentialDependent
p2215	isActivatedBy
p2216	isActiveIn
p2217	isAdaptedFor
p2218	isAddOnTo
p2219	isAddedAs
p2220	isAdjunctiveTherapyFor
p2221	isAdjustedAfter
p2222	isAdjustedBasedOn
p2223	isAdministeredAs
p2224	isAdministeredAtConcentration
p2225	isAdministeredOrally
p2226	isAdministeredTo
p2227	isAdvantageOf
p2228	isAdverseEventAssociatedWith
p2229	isAffectedBy
p2230	isAgeDependent
p2231	isAgeDependentIn
p2232	isAggravatedBy
p2233	isAgonistOf
p2234	isAllostericModulatorOf
p2235	isAllowedAfter
p2236	isAlsoCalled
p2237	isAlsoKnownAs
p2238	isAlteredDuring
p2239	isAlternativeEnergyFuelFor
p2240	isAlternativeFor
p2241	isAlternativeMethodFor
p2242	isAlternativeTo
p2243	isAlwaysTriggeredBy
p2244	isAmenableTo
p2245	isAmong
p2246	isAmplifiedBy
p2247	isAn
p2248	isAnOutcomeOf
p2249	isAnalogOf
p2250	isAnalogousTo
p2251	isAnalyzedBy
p2252	isAnalyzedFor
p2253	isAnesthetizedWith
p2254	isAnnotatedBy
p2255	isAnnotatedUsing
p2256	isAnticonvulsantAgainst
p2257	isAnticonvulsantIn
p2258	isAntiseizureMedication
p2259	isApplicableIn
p2260	isApplicableTo
p2261	isAppliedAs
p2262	isAppliedAtConcentration
p2263	isAppliedTo
p2264	isApprovedAddOnTherapyFor
p2265	isApprovedAs
p2266	isApprovedAsAddOnTherapyFor
p2267	isApprovedBy
p2268	isApprovedFor
p2269	isApprovedForTreatmentOf
p2270	isApproximately
p2271	isArrangedAlong
p2272	isAssayedIn
p2273	isAssessedAt
p2274	isAssessedBy
p2275	isAssessedWith
p2276	isAssignedBasedOn
p2277	isAssignedTo
p2278	isAssociatedDisallowedMedicationFor
p2279	isAssociatedDisorder
p2280	isAssociatedWith
p2281	isAvailableIn
p2282	isBACTransgenicLine
p2283	isBackcrossedTo
p2284	isBarrieredBy
p2285	isBasedOn
p2286	isBeingExploredFor
p2287	isBestDefenseAgainst
p2288	isBestDifferentiatedBy
p2289	isBetterPredictorOf
p2290	isBetween
p2291	isBiomarkerFor
p2292	isBiomarkerOf
p2293	isBlindedTo
p2294	isBlockedBy
p2295	isBredOn
p2296	isBroadlyRelevantTo
p2297	isCNSDisorder
p2298	isCalculatedIn
p2299	isCandidate
p2300	isCandidateBiomarkerFor
p2301	isCandidateFor
p2302	isCandidateGeneFor
p2303	isCandidateMechanismOf
p2304	isCapableOf
p2305	isCausalGeneFor
p2306	isCausalGeneOf
p2307	isCausallyInvolvedIn
p2308	isCauseOf
p2309	isCausedBy
p2310	isCellTypeDependent
p2311	isCellTypeSpecific
p2312	isCentralTo
p2313	isChallengedBy
p2314	isChallengingDueTo
p2315	isChallengingFor
p2316	isChallengingIn
p2317	isCharacteristicOf
p2318	isCharacterizedBy
p2319	isChemicalCompound
p2320	isChemicallyClassifiedAs
p2321	isClassifiedAs
p2322	isClassifiedBy
p2323	isClinicalCriterionFor
p2324	isClinicallyMeasurable
p2325	isClonedInto
p2326	isCoAdministeredWith
p2327	isCoCulturedWith
p2328	isCoexpressedWith
p2329	isCollectedFrom
p2330	isCollectedIn
p2331	isCombinedWith
p2332	isCommonAdverseEventIn
p2333	isCommonFeatureOf
p2334	isCommonIn
p2335	isCommonMonogenicCauseOf
p2336	isCommonSeizureTriggerIn
p2337	isCommonTreatmentFor
p2338	isCommonTriggerFor
p2339	isCommonlyCausedBy
p2340	isCommonlyUsedIn
p2341	isComparableBetween
p2342	isComparableTo
p2343	isComparedTo
p2344	isComparedWith
p2345	isCompatibleWith
p2346	isComplementedBy
p2347	isCompletedBy
p2348	isComplexIn
p2349	isComplicationOf
p2350	isComponentOf
p2351	isComposedOf
p2352	isCompoundFrom
p2353	isComputedFor
p2354	isComputedFrom
p2355	isConcordantWith
p2356	isConditionalKnockInModelOf
p2357	isConditionedOn
p2358	isConductedAt
p2359	isConductedBetween
p2360	isConductedBy
p2361	isConductedDuring
p2362	isConductedIn
p2363	isConductedUnder
p2364	isConductedVia
p2365	isConfirmedAs
p2366	isConfirmedBy
p2367	isConfirmedIn
p2368	isConfoundedBy
p2369	isCongruentWith
p2370	isConservedAcross
p2371	isConservedIn
p2372	isConservedWith
p2373	isConsideredFor
p2374	isConsideredMeaningfulBy
p2375	isConsideredMechanismOf
p2376	isConsistentAcross
p2377	isConsistentWith
p2378	isConstitutionalPartOf
p2379	isContinuous
p2380	isContraindicatedFor
p2381	isContraindicatedIn
p2382	isControlFor
p2383	isControlledBy
p2384	isConvertedTo
p2385	isCoreFeatureOf
p2386	isCornerstoneOf
p2387	isCorrectedBy
p2388	isCorrelatedWith
p2389	isCriticalFor
p2390	isCriticalRegionFor
p2391	isCrossedWith
p2392	isCrucialFor
p2393	isCulturedIn
p2394	isDecreasinglyUsedIn
p2395	isDefinedAs
p2396	isDefinedBy
p2397	isDelayedIn
p2398	isDeliveredAs
p2399	isDeliveredBy
p2400	isDeliveredThrough
p2401	isDeliveredTo
p2402	isDeliveredVia
p2403	isDependentUpon
p2404	isDerivedFrom
p2405	isDescribedAs
p2406	isDescribedIn
p2407	isDesignedAs
p2408	isDesignedFor
p2409	isDesignedToAssess
p2410	isDesignedToDetect
p2411	isDesignedToUpregulate
p2412	isDetectableIn
p2413	isDetectedBy
p2414	isDetectedIn
p2415	isDeterminedBy
p2416	isDevelopedWith
p2417	isDevelopmentalAndEpilepticEncephalopathy
p2418	isDevelopmentalEpilepticEncephalopathy
p2419	isDevelopmentallyRegulatedIn
p2420	isDifferentFrom
p2421	isDifferentiatedInto
p2422	isDifferentiatedTo
p2423	isDifficultToDetectIn
p2424	isDifficultToDifferentiateFrom
p2425	isDifficultToTreat
p2426	isDiscontinuedDueTo
p2427	isDiscouragedIn
p2428	isDiseaseModifyingApproachFor
p2429	isDissolvedIn
p2430	isDistinctFrom
p2431	isDistributedAcross
p2432	isDistributedBy
p2433	isDistributedThroughout
p2434	isDistributedVia
p2435	isDividedInto
p2436	isDominantlyPresentedIn
p2437	isDominatedBy
p2438	isDoseDependent
p2439	isDownregulatedIn
p2440	isDrivenBy
p2441	isDrugResistant
p2442	isDrugTargetableBy
p2443	isDysregulatedIn
p2444	isEffectiveAcross
p2445	isEffectiveAgainst
p2446	isEffectiveAndWellToleratedIn
p2447	isEffectiveAs
p2448	isEffectiveFor
p2449	isEffectiveIn
p2450	isEffectiveStrategyFor
p2451	isEffectiveWhenInitiatedIn
p2452	isEffectiveWithout
p2453	isEfficaciousIn
p2454	isEfficientFor
p2455	isElevatedDuring
p2456	isElevatedIn
p2457	isEmbeddedIn
p2458	isEnabledBy
p2459	isEncodedBy
p2460	isEncounteredIn
p2461	isEndocannabinoid
p2462	isEnhancedBy
p2463	isEnrichedAmong
p2464	isEnrichedFor
p2465	isEnrichedIn
p2466	isEnrolledFrom
p2467	isEpilepsyGene
p2468	isEpilepticEncephalopathy
p2469	isEquivalentTo
p2470	isErrorProneIn
p2471	isEssentialFor
p2472	isEstablishedFrom
p2473	isEstimatedBy
p2474	isEvaluatedBy
p2475	isEvaluatedIn
p2476	isExacerbatedBy
p2477	isExcludedFrom
p2478	isExclusivelyAdministeredTo
p2479	isExpressedAs
p2480	isExpressedIn
p2481	isExpressedUnder
p2482	isExtractedFor
p2483	isExtractedFrom
p2484	isFDAApprovedFor
p2485	isFasterAfter
p2486	isFilteredInto
p2487	isFirstLineTreatmentFor
p2488	isFirstReadThroughCompoundAssessedIn
p2489	isFlankedBy
p2490	isFollowedBy
p2491	isFollowedUpBy
p2492	isFor
p2493	isFoundIn
p2494	isFragmentedBy
p2495	isFreeOf
p2496	isFrequently
p2497	isFrequentlyCausedBy
p2498	isFrequentlyCombinedWith
p2499	isFrequentlyImplicatedIn
p2500	isFrequentlyRefractoryTo
p2501	isFrequentlyRequiredIn
p2502	isFrequentlyTriggeredBy
p2503	isFrom
p2504	isFunctionallyImportantFor
p2505	isFunctionallyLinkedTo
p2506	isFusedTo
p2507	isGeneSpecific
p2508	isGeneralizableTo
p2509	isGenerally
p2510	isGeneratedBy
p2511	isGeneratedFrom
p2512	isGeneratedIn
p2513	isGeneratedOn
p2514	isGeneratedUsing
p2515	isGeneticBasisFor
p2516	isGeneticEncephalopathy
p2517	isGeneticEpilepticEncephalopathy
p2518	isGeneticModelOf
p2519	isGenotypedBy
p2520	isGivenAt
p2521	isGroupedBy
p2522	isGroupedInto
p2523	isGuidedBy
p2524	isHallmarkOf
p2525	isHandledBy
p2526	isHemizygousIn
p2527	isHeterogeneous
p2528	isHeterozygousFor
p2529	isHeterozygousIn
p2530	isHighBefore
p2531	isHighIn
p2532	isHigherIn
p2533	isHigherWith
p2534	isHighestAt
p2535	isHighestTreatmentPriorityIn
p2536	isHighlyAssociatedWith
p2537	isHighlyConservedAcross
p2538	isHighlyConservedResidue
p2539	isHighlyExpressedIn
p2540	isHomologOf
p2541	isHomologousTo
p2542	isHydrolyzedTo
p2543	isHypoexcitableIn
p2544	isHypothesizedToActVia
p2545	isIdentifiedBy
p2546	isIdentifiedIn
p2547	isImagedBy
p2548	isImpairedBy
p2549	isImpairedIn
p2550	isImpicatedIn
p2551	isImplantedIn
p2552	isImplementedBy
p2553	isImplementedIn
p2554	isImplicatedIn
p2555	isImportantFactorFor
p2556	isImportantFor
p2557	isImportantTo
p2558	isImportedInto
p2559	isImprovedBy
p2560	isIn
p2561	isInLinkageDisequilibriumWith
p2562	isIncompleteIn
p2563	isInconclusive
p2564	isIncreasedBy
p2565	isIncreasedIn
p2566	isIncreasinglyUsedFor
p2567	isIndependentOf
p2568	isIndependentPredictorOf
p2569	isIndependentlyAssessedBy
p2570	isIndicatedBy
p2571	isIndicatorOf
p2572	isIndividuallyDesignedFor
p2573	isInducedBy
p2574	isIneffectiveFor
p2575	isIneffectiveIn
p2576	isInfiltrating
p2577	isInfluencedBy
p2578	isInformedBy
p2579	isInheritedFrom
p2580	isInitialTriggerFor
p2581	isInitiallyMissedBy
p2582	isInitiatedDuring
p2583	isInitiatedFor
p2584	isInitiatedWith
p2585	isInjectedInto
p2586	isInsertedInto
p2587	isInsufficientFor
p2588	isInsufficientToExplain
p2589	isIntegratedWith
p2590	isInterpretedAs
p2591	isIntroducedInto
p2592	isInverselyRelatedTo
p2593	isInvestigatedAs
p2594	isInvestigatedFor
p2595	isInvolvedIn
p2596	isIsolatedFrom
p2597	isKeyInterventionTargetFor
p2598	isKeyMechanismFor
p2599	isKeyMechanismOf
p2600	isLabeledBy
p2601	isLargerThan
p2602	isLargestIn
p2603	isLeadingCauseOf
p2604	isLeastEffectiveIn
p2605	isLessAssociatedWith
p2606	isLessCertainThan
p2607	isLessCommonCauseOf
p2608	isLessDependentOn
p2609	isLessFrequentIn
p2610	isLessImplementedThan
p2611	isLessInvasiveThan
p2612	isLessObservedThan
p2613	isLessPronouncedIn
p2614	isLessSuitableFor
p2615	isLethalIn
p2616	isLifeThreateningComplicationOf
p2617	isLikelySubstrateFor
p2618	isLimited
p2619	isLimitedBy
p2620	isLimitedFor
p2621	isLimitedTo
p2622	isLinkedTo
p2623	isLocalizedTo
p2624	isLocatedAt
p2625	isLocatedIn
p2626	isLocatedNear
p2627	isLocatedOn
p2628	isLongerIn
p2629	isLowAt
p2630	isLowDuring
p2631	isLowIn
p2632	isLowUnder
p2633	isLowWhen
p2634	isLowerIn
p2635	isLowestDuring
p2636	isMainCauseOf
p2637	isMainMechanismIn
p2638	isMainly
p2639	isMainlyCausedBy
p2640	isMaintainedAt
p2641	isMaintainedBy
p2642	isMaintainedDuring
p2643	isMaintainedOn
p2644	isMajorCausalGeneOf
p2645	isMajorGeneFor
p2646	isMajorGeneIn
p2647	isMajorRiskFactorFor
p2648	isMajorTargetOf
p2649	isManagedBy
p2650	isManual
p2651	isMarkedBy
p2652	isMarkerFor
p2653	isMarkerOf
p2654	isMasterClockOf
p2655	isMatchedBy
p2656	isMatchedWith
p2657	isMeasureOf
p2658	isMeasuredAs
p2659	isMeasuredAt
p2660	isMeasuredBy
p2661	isMeasuredFor
p2662	isMeasuredIn
p2663	isMechanismOf
p2664	isMediatedBy
p2665	isMemberOf
p2666	isMetabolizedBy
p2667	isMetabolizedTo
p2668	isModelFor
p2669	isModelOf
p2670	isModeledBy
p2671	isModeledIn
p2672	isModifiedBy
p2673	isModulatedBy
p2674	isMonitoredBy
p2675	isMonogenicCauseOf
p2676	isMoreCommonDuring
p2677	isMoreCommonFor
p2678	isMoreCommonIn
p2679	isMoreCommonThan
p2680	isMoreEfficaciousIn
p2681	isMoreExcitableThan
p2682	isMoreFrequentCauseOf
p2683	isMoreFrequentIn
p2684	isMoreLikelyToHave
p2685	isMoreProminentIn
p2686	isMoreProminentThan
p2687	isMoreProneTo
p2688	isMorePronouncedAt
p2689	isMorePronouncedIn
p2690	isMoreSevereIn
p2691	isMoreSignificantWith
p2692	isMoreSimilarTo
p2693	isMorphologicalSignOf
p2694	isMostAbundant
p2695	isMostCommonAdverseEventOf
p2696	isMostCommonIn
p2697	isMostCommonMutatedGene
p2698	isMostEffectiveAs
p2699	isMostEffectiveIn
p2700	isMostFrequentCauseOf
p2701	isMostFrequentlyCausedBy
p2702	isMostFrequentlyDetectedGene
p2703	isMostProminentIn
p2704	isMostPromisingToolToAvoid
p2705	isMostPronouncedDuring
p2706	isMostPronouncedFor
p2707	isMostSevereDuring
p2708	isMostSevereIn
p2709	isMostSuccessfulTreatmentFor
p2710	isMostWidelyImplemented
p2711	isMostly
p2712	isMostlyCausedBy
p2713	isMostlyDegradedIn
p2714	isMulticenter
p2715	isMultisystemDisorder
p2716	isMutationType
p2717	isNecessaryFor
p2718	isNeededFor
p2719	isNegativeAllostericModulatorOf
p2720	isNeglectedBy
p2721	isNeurodevelopmentalDisorder
p2722	isNonCompetitiveAntagonistOf
p2723	isNonPsychotropic
p2724	isNonpsychoactiveCompoundDerivedFrom
p2725	isNormalBefore
p2726	isNot
p2727	isNotAlwaysDefinite
p2728	isNotAppropriateFor
p2729	isNotApprovedFor
p2730	isNotAssociatedWith
p2731	isNotAvailableIn
p2732	isNotCausedBy
p2733	isNotCorrelatedWith
p2734	isNotDifferentBetween
p2735	isNotDueTo
p2736	isNotEffectiveFor
p2737	isNotEnrichedIn
p2738	isNotEquivalentTo
p2739	isNotExplainedBy
p2740	isNotExpressedIn
p2741	isNotFullyExplainedBy
p2742	isNotIncreasedIn
p2743	isNotIntendedAs
p2744	isNotLimitedTo
p2745	isNotMediatedBy
p2746	isNotNecessaryFor
p2747	isNotNeededFor
p2748	isNotObservedUnder
p2749	isNotPrimaryDriverOf
p2750	isNotReceiving
p2751	isNotRelatedTo
p2752	isNotReplacementFor
p2753	isNotReportedIn
p2754	isNotRoutinelySequencedIn
p2755	isNotSolelyCausedBy
p2756	isNotSolelyDeterminedBy
p2757	isNotSolelyDueTo
p2758	isNotSolelyExplainedBy
p2759	isNotSufficientFor
p2760	isNotSufficientToCause
p2761	isNotTreatedWith
p2762	isNotViableFor
p2763	isObservedAt
p2764	isObservedIn
p2765	isObservedInterictallyIn
p2766	isObservedOn
p2767	isObservedWith
p2768	isObtainedBy
p2769	isObtainedFrom
p2770	isOfferedBy
p2771	isOften
p2772	isOftenAssociatedWith
p2773	isOftenInsufficientFor
p2774	isOftenLocatedIn
p2775	isOftenMeasuredBy
p2776	isOftenPrecededBy
p2777	isOftenResistantTo
p2778	isOftenTriggeredBy
p2779	isOnlyInhibitoryPopulationThatInfluences
p2780	isOperationalizedAs
p2781	isOrthologOf
p2782	isOrthologousTo
p2783	isOrthologueOf
p2784	isOveractivatedIn
p2785	isParalogOf
p2786	isPartOf
p2787	isPartiallyIndependentOf
p2788	isPathogenicMechanism
p2789	isPathologicalFeatureOf
p2790	isPathophysiologyFor
p2791	isPerformedAt
p2792	isPerformedBy
p2793	isPerformedDuring
p2794	isPerformedFor
p2795	isPerformedIn
p2796	isPerformedOn
p2797	isPerformedUnder
p2798	isPervasiveAcross
p2799	isPhaseLockedTo
p2800	isPhytocannabinoid
p2801	isPlacedIn
p2802	isPlacedOver
p2803	isPoorlyManagedBy
p2804	isPoorlyResponsiveTo
p2805	isPoorlyUnderstoodFor
p2806	isPositiveAfter
p2807	isPositiveAllostericModulatorOf
p2808	isPossibleFor
p2809	isPostHocAnalysisOf
p2810	isPotential
p2811	isPotentialBiomarkerFor
p2812	isPotentialConfounderFor
p2813	isPotentialModifierGeneClassOf
p2814	isPotentialModifierGeneOf
p2815	isPotentialSolutionFor
p2816	isPotentialStrategyFor
p2817	isPotentialTechniqueFor
p2818	isPotentialTherapeuticApproachFor
p2819	isPotentialTherapyFor
p2820	isPotentialTreatmentFor
p2821	isPotentiallyLinkedTo
p2822	isPrecededBy
p2823	isPrecipitatedBy
p2824	isPrecursorFor
p2825	isPrecursorOf
p2826	isPrecursorTo
p2827	isPredictedAs
p2828	isPredictedBy
p2829	isPredictorOf
p2830	isPredominantlyExpressedIn
p2831	isPreferentiallyExpressedBy
p2832	isPreferentiallyExpressedIn
p2833	isPreparedBy
p2834	isPreparedFrom
p2835	isPresentIn
p2836	isPresentedAs
p2837	isPreservedIn
p2838	isPrimaryCauseOf
p2839	isPrimaryDriverOf
p2840	isPrimaryGeneticCauseOf
p2841	isPrimaryMechanismIn
p2842	isPrimaryMechanismOf
p2843	isPrimaryPathogenicMechanismOf
p2844	isPrimaryReasonFor
p2845	isPrimarySiteOf
p2846	isPrimarySodiumChannelIn
p2847	isPrimaryToolFor
p2848	isPrimedFor
p2849	isProcessedAs
p2850	isProconvulsantFor
p2851	isProducedBy
p2852	isProlongedIn
p2853	isPromisingFor
p2854	isPromisingTherapeuticTargetFor
p2855	isProneTo
p2856	isProposedAs
p2857	isProposedToRescue
p2858	isProtectiveIn
p2859	isProvidedBy
p2860	isProvidedIn
p2861	isProvidedWithSupplement
p2862	isPurifiedFormOf
p2863	isPurifiedFrom
p2864	isPutativelyAssociatedWith
p2865	isQuantifiedAs
p2866	isQuantifiedBy
p2867	isRankedHigherThan
p2868	isRareDuring
p2869	isRareIn
p2870	isRarelyProlongedIn
p2871	isReclassifiedAs
p2872	isRecognizedAs
p2873	isRecommendedAs
p2874	isRecommendedFor
p2875	isRecordedBy
p2876	isRecordedDuring
p2877	isRecordedFor
p2878	isRecordedFrom
p2879	isRecruitedBefore
p2880	isRecruitedFrom
p2881	isRecruitedIndependentlyOf
p2882	isRecruitedWith
p2883	isRecurrentIn
p2884	isReducedBy
p2885	isReducedDuring
p2886	isReducedIn
p2887	isRefractoryTo
p2888	isRegionOfInterest
p2889	isRegulatedBy
p2890	isRelatedTo
p2891	isRelatedToMutationIn
p2892	isRelevantFor
p2893	isRelevantTo
p2894	isReliableFor
p2895	isRepairedBy
p2896	isReportedBy
p2897	isReportedIn
p2898	isReprogrammedInto
p2899	isReprogrammedTo
p2900	isRequiredBy
p2901	isRequiredFor
p2902	isRequiredTo
p2903	isResistantTo
p2904	isRestrictedTo
p2905	isRisingWhen
p2906	isRiskFactorFor
p2907	isSafeAndEffectiveFor
p2908	isSafeAndEffectiveIn
p2909	isSafeAndWellToleratedIn
p2910	isSafeIn
p2911	isSaferThan
p2912	isScarceFor
p2913	isScoredBy
p2914	isScreenedFor
p2915	isSecuredWith
p2916	isSeizureRelatedEvent
p2917	isSelectedFrom
p2918	isSelectiveAgonistOf
p2919	isSelectiveFor
p2920	isSensitiveTo
p2921	isSequencedIn
p2922	isSerineHydrolase
p2923	isSerotonergicDrug
p2924	isSevereFormOf
p2925	isSexDependentIn
p2926	isSharedBy
p2927	isShearedBy
p2928	isShiftedTo
p2929	isShiftedToward
p2930	isShippedTo
p2931	isShortenedIn
p2932	isSimilarAcross
p2933	isSimilarBetween
p2934	isSimilarTo
p2935	isSimulatedUsing
p2936	isSiteOf
p2937	isSlowedIn
p2938	isSlowerAfter
p2939	isSlowerThan
p2940	isSomaticMosaicFor
p2941	isSourceOf
p2942	isSourcedFrom
p2943	isSpecificTo
p2944	isSplitInto
p2945	isStandard
p2946	isStatisticallySignificant
p2947	isStoppedBy
p2948	isStoredOn
p2949	isStratifiedBy
p2950	isStrongPredictorOf
p2951	isStructurallyDistinctFrom
p2952	isStudiedAt
p2953	isStudiedIn
p2954	isSubmittedTo
p2955	isSubunitOf
p2956	isSufficientFor
p2957	isSufficientTo
p2958	isSufficientToCause
p2959	isSufficientToImpair
p2960	isSuggestedAs
p2961	isSuitableFor
p2962	isSupplementedWith
p2963	isSupportedBy
p2964	isSuppressedBy
p2965	isSusceptibleTo
p2966	isSyntenicWith
p2967	isTakenUpBy
p2968	isTargetFor
p2969	isTargetOf
p2970	isTargetedBy
p2971	isTargetedTo
p2972	isTargeting
p2973	isTemperatureDependent
p2974	isTemporallyAssociatedWith
p2975	isTerpene
p2976	isTherapeuticFor
p2977	isTherapeuticIn
p2978	isTherapeuticStrategyFor
p2979	isTherapeuticTarget
p2980	isTherapeuticTargetFor
p2981	isTitratedFrom
p2982	isToDetermine
p2983	isTolerableIn
p2984	isTraditionalMethodFor
p2985	isTransientIn
p2986	isTrappedIn
p2987	isTreatedBy
p2988	isTreatedWith
p2989	isTreatmentFor
p2990	isTreatmentRelatedAdverseEventOf
p2991	isTriedBy
p2992	isTriggerFor
p2993	isTriggeredBy
p2994	isType
p2995	isTypeOf
p2996	isTypeOfSyndrome
p2997	isTypeOfTherapyFor
p2998	isTypically
p2999	isTypicallyAvoidedIn
p3000	isTypicallyCausedBy
p3001	isUnalteredAtBaselineIn
p3002	isUnalteredIn
p3003	isUnchangedBy
p3004	isUnchangedIn
p3005	isUnder
p3006	isUnderControlOf
p3007	isUnderexploredIn
p3008	isUndetectableIn
p3009	isUndetectableInPlasmaDuring
p3010	isUnevenAcross
p3011	isUnilateralTo
p3012	isUnknown
p3013	isUnknownFor
p3014	isUnlikelyToExplain
p3015	isUnresolvedIssueIn
p3016	isUnresponsiveTo
p3017	isUnstableIn
p3018	isUnsuitableFor
p3019	isUrgentNeedFor
p3020	isUsedAs
p3021	isUsedBy
p3022	isUsedFor
p3023	isUsedForInducing
p3024	isUsedForMarkingCellularPattern
p3025	isUsedForModeling
p3026	isUsedForTreatmentOf
p3027	isUsedIn
p3028	isUsedInCombinationWith
p3029	isUsedOffLabelFor
p3030	isUsedToAssess
p3031	isUsedToDetect
p3032	isUsedToEstimate
p3033	isUsedToGenerate
p3034	isUsedToInvestigate
p3035	isUsedToManage
p3036	isUsedToModel
p3037	isUsedToNormalize
p3038	isUsedToProbe
p3039	isUsedToStudy
p3040	isUsedToTreat
p3041	isUsedToTrigger
p3042	isUsedToVerify
p3043	isUsefulFor
p3044	isUsually
p3045	isValidatedBy
p3046	isValuableAlternativeTo
p3047	isVariableIn
p3048	isVariantOf
p3049	isViableFor
p3050	isVoltageGated
p3051	isVoltageGatedSodiumChannel
p3052	isWeakIn
p3053	isWeakerPredictorThan
p3054	isWellTolerated
p3055	isWellToleratedAt
p3056	isWellToleratedIn
p3057	isWornWith
p3058	isXLinked
p3059	isolates
p3060	keptStableDuring
p3061	labeledBy
p3062	labels
p3063	lack
p3064	lackStrongAssociationWith
p3065	lacks
p3066	lacksAccessTo
p3067	lacksActivityIn
p3068	lacksAssociationWith
p3069	lacksDirectEvidenceFor
p3070	lacksEffect
p3071	lacksEffectOn
p3072	lacksExpressionOf
p3073	lacksFinding
p3074	lacksPhenotype
p3075	lacksPredictiveValueFor
p3076	lacksPriorEvidenceIn
p3077	lacksPsychoactiveEffect
p3078	lacksSodiumCurrentChange
p3079	lacksStrongPathogenicEvidence
p3080	lacksTherapeuticUtilityIn
p3081	leadTo
p3082	leadsTo
p3083	lessCommonFor
p3084	lessCommonIn
p3085	lessEffectiveWith
p3086	lessFrequentThan
p3087	lessPrefer
p3088	leverages
p3089	licensedAs
p3090	licensedFor
p3091	likelyInfluencedBy
p3092	likelyMediatedBy
p3093	likelyOccursNear
p3094	likelySharedBetween
p3095	limit
p3096	limitedBy
p3097	limits
p3098	limitsExpressionTo
p3099	limitsPropagationOf
p3100	limitsUseOf
p3101	link
p3102	linkedTo
p3103	links
p3104	linksTo
p3105	livesWith
p3106	localizedTo
p3107	localizes
p3108	localizesTo
p3109	locatedAround
p3110	locatedIn
p3111	locatedOn
p3112	logTransformedFor
p3113	logicallyCorrespondsTo
p3114	loses
p3115	lowIn
p3116	lowerIn
p3117	lowerThan
p3118	lowers
p3119	lowersSeizureThreshold
p3120	lowestAt
p3121	mainlyAffects
p3122	maintained
p3123	maintainedAt
p3124	maintainedBy
p3125	maintainedDuring
p3126	maintainedIn
p3127	maintainedOn
p3128	maintainedUnder
p3129	maintains
p3130	maintainsEffectDuring
p3131	maintainsEfficacy
p3132	maintainsEfficacyOver
p3133	maintainsEfficacyThroughout
p3134	maintainsParalyticGeneKnockoutOver
p3135	maintainsTransgeneAs
p3136	maintenanceDose
p3137	majorDeterminantOf
p3138	majorFactorInfluencing
p3139	managedBy
p3140	managedWith
p3141	manifestsAs
p3142	manifestsIn
p3143	manipulates
p3144	manufacturedUnder
p3145	mapTo
p3146	mappedTo
p3147	maps
p3148	mapsReadTo
p3149	mapsTo
p3150	marks
p3151	matches
p3152	maxDose
p3153	maximalAt
p3154	maximallyProtectsGTCAt
p3155	maximallyProtectsMCAt
p3156	maximumCBDDose
p3157	maximumDose
p3158	maximumTHCDose
p3159	maximumTemperature
p3160	mayAccountFor
p3161	mayActAs
p3162	mayActThrough
p3163	mayActivate
p3164	mayAddress
p3165	mayAdverselyAffect
p3166	mayAffect
p3167	mayAlter
p3168	mayAmeliorate
p3169	mayAriseFrom
p3170	mayAssist
p3171	mayBe
p3172	mayBeAssociatedWith
p3173	mayBeAvoidedIn
p3174	mayBeBetterFor
p3175	mayBeCausedBy
p3176	mayBeDueTo
p3177	mayBeEffectiveIn
p3178	mayBeEfficaciousIn
p3179	mayBeExplainedBy
p3180	mayBeInfluencedBy
p3181	mayBeInsufficientFor
p3182	mayBeLimitedAt
p3183	mayBeMarkerOf
p3184	mayBeMaskedBy
p3185	mayBeMissedBy
p3186	mayBeProblematicFor
p3187	mayBeRelatedTo
p3188	mayBeStrongerWith
p3189	mayBeSuboptimalFor
p3190	mayBeTargetedBy
p3191	mayBeTherapeuticIn
p3192	mayBeTherapeuticOptionFor
p3193	mayBeTherapeuticTargetFor
p3194	mayBeTreatmentOptionFor
p3195	mayBeUnavailableIn
p3196	mayBeUnderrecognizedIn
p3197	mayBeUnsuitableFor
p3198	mayBeUsedAs
p3199	mayBeUsefulAs
p3200	mayBecome
p3201	mayBenefit
p3202	mayCarry
p3203	mayCause
p3204	mayChangeIndependentlyOf
p3205	mayCompensateFor
p3206	mayCompeteWith
p3207	mayContain
p3208	mayContributeTo
p3209	mayConvergeOn
p3210	mayCooccurWith
p3211	mayCorrect
p3212	mayDecrease
p3213	mayDelay
p3214	mayDependOn
p3215	mayDifferFrom
p3216	mayDisplay
p3217	mayDisrupt
p3218	mayDisturb
p3219	mayDrive
p3220	mayDysregulate
p3221	mayEnable
p3222	mayEnhance
p3223	mayExacerbate
p3224	mayExplain
p3225	mayExpress
p3226	mayFavor
p3227	mayHave
p3228	mayHaveHigherExposureRiskTo
p3229	mayHaveMolecularFindingSuggesting
p3230	mayHaveRelevanceBeyond
p3231	mayHaveRoleIn
p3232	mayHelp
p3233	mayIdentify
p3234	mayImpact
p3235	mayImpair
p3236	mayImprove
p3237	mayIncrease
p3238	mayIncreaseLikelihoodOf
p3239	mayIncreaseRiskOf
p3240	mayIndicate
p3241	mayInduce
p3242	mayInfluence
p3243	mayInform
p3244	mayInteractWith
p3245	mayInterfereWith
p3246	mayIntroduce
p3247	mayInvolve
p3248	mayLack
p3249	mayLackTrainingIn
p3250	mayLeadTo
p3251	mayLimit
p3252	mayMeasure
p3253	mayMirror
p3254	mayMiss
p3255	mayMitigate
p3256	mayModel
p3257	mayModify
p3258	mayModulate
p3259	mayNotBeDetectedBy
p3260	mayNotCapture
p3261	mayNotCross
p3262	mayNotIncreaseRiskOf
p3263	mayNotMeasure
p3264	mayNotPredict
p3265	mayNotRecapitulate
p3266	mayNotTranslateTo
p3267	mayOccurIn
p3268	mayOversimplify
p3269	mayPrecede
p3270	mayPrevent
p3271	mayProvide
p3272	mayRecapitulate
p3273	mayReduce
p3274	mayReduceRiskOf
p3275	mayReflect
p3276	mayRelateTo
p3277	mayRepresent
p3278	mayRequire
p3279	mayRescue
p3280	mayRespondTo
p3281	mayRestore
p3282	mayResultFrom
p3283	mayResultIn
p3284	mayReveal
p3285	mayReverse
p3286	mayServeAs
p3287	mayServeAsBiomarkerFor
p3288	mayShift
p3289	mayShow
p3290	mayStillInclude
p3291	maySuggest
p3292	maySuppress
p3293	mayTarget
p3294	mayTreat
p3295	mayTrigger
p3296	mayUnderlie
p3297	mayUnderrecord
p3298	mayUnderrepresent
p3299	mayWorsen
p3300	mayYield
p3301	measured
p3302	measuredAs
p3303	measuredBy
p3304	measuredIn
p3305	measuredUsing
p3306	measures
p3307	measuresFrequencyBand
p3308	measuresIn
p3309	mechanismIncludes
p3310	mechanismOfAction
p3311	mediate
p3312	mediates
p3313	mediatesActionOf
p3314	mergedFrom
p3315	metCriteriaFor
p3316	metabolizedBy
p3317	metabolizedInto
p3318	metabolizes
p3319	mimics
p3320	minimizes
p3321	minimizesExpressionOf
p3322	minimizesInfluenceOf
p3323	mirrors
p3324	missedBy
p3325	misses
p3326	mitigates
p3327	model
p3328	modeledBy
p3329	models
p3330	modelsDisease
p3331	modifiedBy
p3332	modifies
p3333	modulate
p3334	modulates
p3335	modulatesImportanceOf
p3336	modulationReduces
p3337	monitoredUntil
p3338	monitors
p3339	moreCommonIn
p3340	moreCommonThan
p3341	moreEffectiveFor
p3342	moreEffectiveIn
p3343	moreEffectiveWhenInitiatedAt
p3344	moreFrequentIn
p3345	moreFrequentWith
p3346	moreLikelyAfter
p3347	mostCommon
p3348	mostCommonAED
p3349	mostCommonConcomitantAED
p3350	mostCommonType
p3351	mostPrevalentDuring
p3352	mostly
p3353	motivatedBy
p3354	motivates
p3355	mustAccountFor
p3356	mustAddress
p3357	mustNotAlter
p3358	narrows
p3359	necessitates
p3360	neededFor
p3361	neededIn
p3362	neededToAssess
p3363	neededToEvaluate
p3364	negativelyAffects
p3365	negativelyCorrelatesWith
p3366	negativelyRegulates
p3367	noSignificantEffectOn
p3368	normalizes
p3369	normalizesAfter
p3370	normalizesTo
p3371	normallyDecreasesWith
p3372	normallyIncreaseActivityDuring
p3373	normallyIncreasesDuring
p3374	normallyIncreasesWith
p3375	notAlwaysAccompaniedBy
p3376	notAlwaysDeterminantOf
p3377	notAssignedTo
p3378	notAssociatedWith
p3379	notAttemptedToAssign
p3380	notAutomaticallyClassedAs
p3381	notClearlyPreventativeFor
p3382	notCorrelatedWith
p3383	notEffectiveFor
p3384	notEffectiveIn
p3385	notExplainedBy
p3386	notFoundIn
p3387	notFullyControlledBy
p3388	notFullyExplainedBy
p3389	notInfluencedBy
p3390	notIntendedFor
p3391	notObservedIn
p3392	notPrescribedFor
p3393	notRecordedIn
p3394	notReportedAs
p3395	notReportedIn
p3396	notSignificantlyDifferentBetween
p3397	notSolelyDrivenBy
p3398	notesGap
p3399	number
p3400	observedAcross
p3401	observedAs
p3402	observedDuring
p3403	observedFor
p3404	observedIn
p3405	observes
p3406	obtainedFor
p3407	obtainedFrom
p3408	obtains
p3409	occludes
p3410	occurAcross
p3411	occurDuring
p3412	occurEarlyDuring
p3413	occurIn
p3414	occurPreferentiallyDuring
p3415	occurredIn
p3416	occursAcross
p3417	occursAfter
p3418	occursAmong
p3419	occursAround
p3420	occursAs
p3421	occursAt
p3422	occursAtTemperature
p3423	occursBefore
p3424	occursBelow
p3425	occursBy
p3426	occursDespite
p3427	occursDuring
p3428	occursEarlyIn
p3429	occursFor
p3430	occursFrequentlyIn
p3431	occursIn
p3432	occursInFrequencyBand
p3433	occursLessFrequentlyThan
p3434	occursMainlyDuring
p3435	occursMoreFrequentlyThan
p3436	occursMoreFrequentlyWith
p3437	occursMoreWith
p3438	occursOn
p3439	occursOnBackgroundOf
p3440	occursPreferentiallyDuring
p3441	occursPrimarilyDuring
p3442	occursThroughout
p3443	occursVia
p3444	occursWith
p3445	occursWithin
p3446	of
p3447	ofCBMP
p3448	offers
p3449	often
p3450	oftenArises
p3451	oftenArisesAs
p3452	oftenAssociatedWith
p3453	oftenCause
p3454	oftenCausedBy
p3455	oftenCauses
p3456	oftenContains
p3457	oftenDoesNotChange
p3458	oftenExacerbates
p3459	oftenFailIn
p3460	oftenFailToControl
p3461	oftenFailsToAchieve
p3462	oftenFailsToControl
p3463	oftenHas
p3464	oftenIgnores
p3465	oftenIncludes
p3466	oftenIs
p3467	oftenLacks
p3468	oftenLocalizesTo
p3469	oftenOccursAfter
p3470	oftenOccursDuring
p3471	oftenOccursWithin
p3472	oftenOmits
p3473	oftenPresentsWith
p3474	oftenProduces
p3475	oftenProvokedBy
p3476	oftenReceives
p3477	oftenRequires
p3478	oftenResistantTo
p3479	oftenRespondsTo
p3480	oftenTargets
p3481	oftenTreatedWith
p3482	oftenTriggeredBy
p3483	oftenUsedAs
p3484	oftenUses
p3485	ongoingFor
p3486	optimize
p3487	ordersDrugGroupsBy
p3488	organizedBy
p3489	orients
p3490	originateFrom
p3491	originatesFrom
p3492	originatesIn
p3493	outnumbers
p3494	outperforms
p3495	outputs
p3496	overactivationPromotes
p3497	overcomes
p3498	overcomesLimitationOf
p3499	overexpresses
p3500	overlapsWith
p3501	overwhelms
p3502	parallel
p3503	partiallyAmeliorates
p3504	partiallyBlocks
p3505	partiallyCorrects
p3506	partiallyRecoversIn
p3507	partiallyRescues
p3508	partiallyRestores
p3509	participatesIn
p3510	partlyRequires
p3511	pathophysiologyInvolves
p3512	peaksBefore
p3513	peaksDuring
p3514	perceivedAs
p3515	performed
p3516	performedAt
p3517	performedAtHoldingPotential
p3518	performedBefore
p3519	performedBy
p3520	performedDuring
p3521	performedIn
p3522	performedOn
p3523	performedPeriodicallyDuring
p3524	performedUsing
p3525	performedWhenAvailable
p3526	performs
p3527	permeabilizes
p3528	permits
p3529	persistInto
p3530	persistsAcross
p3531	persistsAfter
p3532	persistsDespite
p3533	persistsIn
p3534	persistsInto
p3535	phenocopies
p3536	placesElectrodesAt
p3537	placesReferenceElectrodeAt
p3538	playsRoleIn
p3539	poolsDataFrom
p3540	posesRiskOf
p3541	posesRiskTo
p3542	positivelyCorrelatesWith
p3543	positivelyModulate
p3544	positivelyModulates
p3545	possibleIn
p3546	postedTo
p3547	postedVia
p3548	potentiates
p3549	practice
p3550	preAssociatesWith
p3551	precede
p3552	precedes
p3553	precepitates
p3554	precipitates
p3555	precludes
p3556	predict
p3557	predictedTo
p3558	predictedToBe
p3559	predicts
p3560	predisposedTo
p3561	predisposesTo
p3562	predominantlyAffects
p3563	predominantlyExpressedIn
p3564	predominantlySynthesizedBy
p3565	predominantlyUses
p3566	predominatesIn
p3567	predominatesOver
p3568	prefer
p3569	preferentiallyActsUnder
p3570	preferentiallyAffects
p3571	preferentiallyExpressedBy
p3572	preferentiallyExpressedIn
p3573	preferentiallyExpressesIn
p3574	preferentiallyImpairs
p3575	preferentiallyTransduces
p3576	prefers
p3577	preparedBy
p3578	preparedFrom
p3579	prepares
p3580	presentAsMosaicIn
p3581	presentAtLowAlleleFractionIn
p3582	presentIn
p3583	presentInPercentage
p3584	presents
p3585	presentsWith
p3586	preserves
p3587	preservesConnectivityBetween
p3588	preservesMore
p3589	preservesNav1.1In
p3590	prevalentAmong
p3591	prevented
p3592	prevents
p3593	preventsOveractivationOf
p3594	preventsProgressionTo
p3595	preventsSynthesisOf
p3596	preventsTraffickingOf
p3597	previouslyAssessedIn
p3598	previouslyAssociatedWith
p3599	previouslyAttributedTo
p3600	previouslyDemonstratedEfficacyIn
p3601	previouslyReportedAtSameResidueIn
p3602	previouslyReportedIn
p3603	previouslyShownToReduce
p3604	primarilyImpairs
p3605	primarilyInhibits
p3606	primarilyTarget
p3607	primarilyTreatWithKDT
p3608	prioritizes
p3609	probes
p3610	produce
p3611	produces
p3612	producesMoreExpressionIn
p3613	producesMoreRestrictedExpressionIn
p3614	profiles
p3615	progressTo
p3616	progressesDuring
p3617	progressesFrom
p3618	progressesOver
p3619	progressesTo
p3620	progressesToInclude
p3621	progressivelyIncreasesDuring
p3622	prohibits
p3623	projectsFrom
p3624	projectsTo
p3625	projectsVia
p3626	prolongs
p3627	promotes
p3628	promotesReadThroughOf
p3629	prompts
p3630	proneTo
p3631	propagates
p3632	propagatesFrom
p3633	propagatesMutationIn
p3634	propagatesTo
p3635	proposedAs
p3636	proposes
p3637	proposesFutureStudy
p3638	protect
p3639	protects
p3640	protectsAgainst
p3641	protectsFrom
p3642	proteinLevelIsMeasuredBy
p3643	provide
p3644	providedBy
p3645	providedEvidenceFor
p3646	providedFor
p3647	provides
p3648	providesAccessTo
p3649	providesInhibitionTo
p3650	providesInhibitoryInputTo
p3651	providesInsightInto
p3652	providesMechanisticInsightInto
p3653	providesModelFor
p3654	providesOneCarbonUnitsTo
p3655	providesProtectionFrom
p3656	provokes
p3657	purchasedFrom
p3658	purifies
p3659	qualifiesAs
p3660	quantified
p3661	quantifiedAs
p3662	quantifiedBy
p3663	quantifiedUsing
p3664	quantifies
p3665	quenches
p3666	raisedAtTemperature
p3667	raises
p3668	raisesQuestionOf
p3669	randomized
p3670	randomizedTo
p3671	rangesFrom
p3672	rangesTo
p3673	rareDuring
p3674	rareIn
p3675	rarelyAchieves
p3676	rarelyContains
p3677	rarelyOverlapsWith
p3678	rarelyRequires
p3679	ratedBy
p3680	rates
p3681	ratesOutcomeUsing
p3682	ratesSeizureSeverityBy
p3683	ratio
p3684	rdfs:label
p3685	reaches
p3686	reachesDose
p3687	reachesMagnitude
p3688	reachesMedianEndDose
p3689	reachesNadirDuring
p3690	recapitulates
p3691	receive
p3692	receiveHigher
p3693	received
p3694	receivedMedianOf
p3695	receivedTreatment
p3696	receives
p3697	receivesConcomitantAEDs
p3698	receivesDose
p3699	receivesInhibitoryInputFrom
p3700	receivesInputFrom
p3701	receivesMedication
p3702	receivesTreatment
p3703	receives_input_from
p3704	reclassifies
p3705	recommendedAfter
p3706	recommendedDose
p3707	recommendedDoseForFurtherTrials
p3708	recommendedFor
p3709	recommends
p3710	reconstitutes
p3711	reconstructedFrom
p3712	recordedAt
p3713	recordedBy
p3714	recordedFrom
p3715	recordedIn
p3716	recordedUsing
p3717	records
p3718	recordsFrom
p3719	recovers
p3720	recruits
p3721	rectifies
p3722	reduce
p3723	reduced
p3724	reducedBy
p3725	reducedFrom
p3726	reducedIn
p3727	reducedMeanSeizureFrequencyBy
p3728	reducedTo
p3729	reduces
p3730	reducesBy
p3731	reducesColocalizationWith
p3732	reducesConfoundingFrom
p3733	reducesConvulsiveSeizureFrequencyBy
p3734	reducesExpressionIn
p3735	reducesExpressionOf
p3736	reducesExpressionOfInCellType
p3737	reducesExpressionOfInRegion
p3738	reducesFrequencyOf
p3739	reducesIctalDischargeDuration
p3740	reducesIctalDischargeFrequency
p3741	reducesImportanceOf
p3742	reducesIncorporationOf
p3743	reducesInfluenceOf
p3744	reducesInterictalSpikeFrequency
p3745	reducesLikelihoodOf
p3746	reducesMonthlyConvulsiveSeizureFrequencyBy
p3747	reducesNeedFor
p3748	reducesReleaseOf
p3749	reducesRiskOf
p3750	reducesSeizureFrequency
p3751	reducesSeizureSeverity
p3752	reducesSurfaceExpressionOf
p3753	reducesTypeIIEventFrequencyBy
p3754	reestablishes
p3755	refine
p3756	refinedTo
p3757	reflect
p3758	reflects
p3759	regional_part_of
p3760	registeredAs
p3761	registeredAt
p3762	registeredOn
p3763	regulate
p3764	regulatedBy
p3765	regulates
p3766	relatesTo
p3767	release
p3768	releases
p3769	relevantTo
p3770	reliesOn
p3771	remainPrimaryGeneticCauseOf
p3772	remains
p3773	remainsConsistentWithin
p3774	remainsSeizureFreeUnder
p3775	remainsStableAfter
p3776	remainsStableDuring
p3777	remainsWithin
p3778	removedFrom
p3779	removes
p3780	renamed
p3781	replaces
p3782	report
p3783	reported
p3784	reportedBy
p3785	reportedCohortsFor
p3786	reportedDuring
p3787	reportedFrom
p3788	reportedImprovementIn
p3789	reportedIn
p3790	reportedInPercentageOf
p3791	reportedLessReliableThan
p3792	reportedRate
p3793	reportedTo
p3794	reports
p3795	reportsExpressionOf
p3796	reportsHigher
p3797	represent
p3798	represents
p3799	representsCoreDeficitIn
p3800	representsMoreSevereSpectrumThan
p3801	representsOnly
p3802	representsPotentialTargetFor
p3803	representsSubsetOf
p3804	reproduces
p3805	repurposedFor
p3806	requestSupportFromCAAE
p3807	requests
p3808	require
p3809	requireSupportFrom
p3810	required
p3811	requiredBy
p3812	requiredFor
p3813	requiredToConfirm
p3814	requires
p3815	requiresConsiderationOf
p3816	requiresFurtherEvaluation
p3817	requiresFurtherStudyFor
p3818	requiresFurtherStudyIn
p3819	requiresHistoryOf
p3820	requiresInputFrom
p3821	requiresMonitoring
p3822	requiresMonitoringOf
p3823	requiresPreferentialTargetingOf
p3824	requiresScreeningFor
p3825	requiresTimingWithin
p3826	requiresVectorWith
p3827	rescues
p3828	resembles
p3829	resideIn
p3830	resolves
p3831	resolvesAfter
p3832	respondBetterThan
p3833	responderRateAt12Months
p3834	respondsPoorlyTo
p3835	respondsTo
p3836	respondsToAvoidanceOf
p3837	responsibleFor
p3838	restore
p3839	restores
p3840	restoresConnectivityOf
p3841	restrains
p3842	restrictedBy
p3843	restrictsExpressionIn
p3844	restrictsInclusionTo
p3845	restrictsNumberOf
p3846	restrictsSCN1AExpressionTo
p3847	resultedIn
p3848	resultsFrom
p3849	resultsIn
p3850	retains
p3851	retentionRateAt12Months
p3852	returnsTo
p3853	reveal
p3854	reveals
p3855	reverses
p3856	reversiblySuppresses
p3857	risesDuring
p3858	route
p3859	safeAndEffectiveIn
p3860	samplesAt
p3861	samplingRate
p3862	scavenges
p3863	schedule
p3864	scores
p3865	scoresSeizureUsing
p3866	screenFor
p3867	screened
p3868	screenedAt
p3869	screenedFor
p3870	screens
p3871	secondLineImmunotherapy
p3872	secondLineTreatment
p3873	secrete
p3874	segments
p3875	seizureFreeRateAt12Months
p3876	selected
p3877	selectedBy
p3878	selectedFor
p3879	selectedFrom
p3880	selectiveFor
p3881	selectivelyActivates
p3882	selectivelyAffects
p3883	selectivelyImpairs
p3884	selectivelyIncreases
p3885	selectivelyInhibits
p3886	selectivelyUpregulates
p3887	selectivityAssessedBy
p3888	selects
p3889	selectsFor
p3890	sendsCollateralTo
p3891	sentBy
p3892	sentVia
p3893	separates
p3894	serveAs
p3895	servesAs
p3896	servesAsEarlyBiomarkerOf
p3897	servesAsEarlyIndicatorFor
p3898	servesMajorRoleIn
p3899	setAt
p3900	severelyAffectedIn
p3901	shapes
p3902	share
p3903	shareStructuralFeature
p3904	shares
p3905	sharesAminoAcidIdentity
p3906	sharesClinicalFeatureWith
p3907	sharesFeatureWith
p3908	sharesGeneticArchitectureWith
p3909	sharesMechanism
p3910	sharesMechanismWith
p3911	sharesMechanisticConvergenceWith
p3912	sharesMolecularGeneticEtiologyWith
p3913	sharesStructureWith
p3914	shifted
p3915	shifts
p3916	shiftsCurrentBalanceToward
p3917	shiftsDuring
p3918	shiftsEnergySourceFrom
p3919	shiftsEnergySourceTo
p3920	shiftsToward
p3921	shortens
p3922	shouldAccompany
p3923	shouldAccountFor
p3924	shouldAddress
p3925	shouldAvoid
p3926	shouldBalance
p3927	shouldBe
p3928	shouldBeAddressedIn
p3929	shouldBeAssayedIn
p3930	shouldBeAvoidedIn
p3931	shouldBeBasedOn
p3932	shouldBeCommunicatedDuring
p3933	shouldBeConsideredEarlyFor
p3934	shouldBeConsideredFor
p3935	shouldBeConsideredIn
p3936	shouldBeDeliveredBy
p3937	shouldBeDiagnosedEarlyToGuide
p3938	shouldBeDiscussedBefore
p3939	shouldBeDiscussedDuring
p3940	shouldBeEstablishedFor
p3941	shouldBeFollowedBy
p3942	shouldBeInformedOf
p3943	shouldBeIntegratedInto
p3944	shouldBeProvidedAs
p3945	shouldBeTailoredTo
p3946	shouldBeTargetOf
p3947	shouldBeTestedIn
p3948	shouldBeUsedAs
p3949	shouldBeUsedCautiouslyWith
p3950	shouldBeValidatedBy
p3951	shouldBeViewedAs
p3952	shouldCombine
p3953	shouldComplement
p3954	shouldConsider
p3955	shouldDevelop
p3956	shouldEnable
p3957	shouldEvaluate
p3958	shouldFocusOn
p3959	shouldGuide
p3960	shouldInclude
p3961	shouldIncorporate
p3962	shouldIntegrate
p3963	shouldInvestigate
p3964	shouldMeasure
p3965	shouldMonitor
p3966	shouldNotBeAssessedIn
p3967	shouldNotBeFramedAs
p3968	shouldPrefer
p3969	shouldPreferentiallyOccurIn
p3970	shouldPreferentiallyTarget
p3971	shouldProactivelyAssess
p3972	shouldRecapitulate
p3973	shouldReceive
p3974	shouldRecord
p3975	shouldTarget
p3976	shouldTestAt
p3977	shouldTrigger
p3978	shouldUse
p3979	show
p3980	showEEGPattern
p3981	showIn
p3982	showIncreased
p3983	showModelSpecific
p3984	showReduced
p3985	showed
p3986	showsAbsenceOf
p3987	showsActivityIn
p3988	showsAntiSeizureEffectIn
p3989	showsAssociationWith
p3990	showsClinicalOverlapWith
p3991	showsEEGPattern
p3992	showsEffectBy
p3993	showsEffectIn
p3994	showsEfficacyAcross
p3995	showsEfficacyIn
p3996	showsEfficacyWithin
p3997	showsEnhancedSensitivityTo
p3998	showsExcessOf
p3999	showsExpressionIn
p4000	showsFemaleProportion
p4001	showsFinding
p4002	showsHighSensitivityTo
p4003	showsHigher
p4004	showsHigherNormalizedExpressionIn
p4005	showsHigherTransgeneExpressionIn
p4006	showsIncreaseAt
p4007	showsIncreased
p4008	showsLimitedActivityIn
p4009	showsLimitedEffectOn
p4010	showsLowSensitivityTo
p4011	showsLowerBLIThan
p4012	showsLowerEfficacyIn
p4013	showsMetabolicShiftToward
p4014	showsNoAdverseEffectIn
p4015	showsNoAssociationWith
p4016	showsNoDifferenceBetween
p4017	showsNoDifferenceIn
p4018	showsNoEffectIn
p4019	showsNoSignificantChange
p4020	showsNormal
p4021	showsPattern
p4022	showsPeriIctalIncreaseDuring
p4023	showsPhenotype
p4024	showsPreferentialExpressionIn
p4025	showsReduced
p4026	showsReducedSensitivityTo
p4027	showsSeizureReductionAt
p4028	showsSensitivityTo
p4029	showsTrend
p4030	showsTrendFor
p4031	showsWeakerAssociationWith
p4032	signalsThrough
p4033	signalsVia
p4034	significantlyDifferentBetween
p4035	significantlyImproves
p4036	similarAcross
p4037	similarBetween
p4038	similarTo
p4039	similarWith
p4040	similarWithout
p4041	simplifies
p4042	simulates
p4043	size
p4044	slows
p4045	spanAgeRange
p4046	spans
p4047	spansPhenotypicSpectrum
p4048	spansUpstreamOf
p4049	spares
p4050	spreadsAcross
p4051	spreadsTo
p4052	stabilizes
p4053	stabilizesAfter
p4054	stablyExpresses
p4055	standardizes
p4056	startedAtMedianDose
p4057	startingDose
p4058	startsAt
p4059	startsWith
p4060	states
p4061	stillHas
p4062	stimulates
p4063	stops
p4064	storedAt
p4065	stores
p4066	stratifies
p4067	strongIn
p4068	strongerFor
p4069	stronglyAffects
p4070	stronglySuppresses
p4071	structurallyRelatedTo
p4072	studiedAtAge
p4073	studiedIn
p4074	studyPeriod
p4075	subclustersBy
p4076	subserves
p4077	subtypeOf
p4078	successfullyIntroduces
p4079	sufficientToCause
p4080	suggest
p4081	suggestedToImprove
p4082	suggests
p4083	suggestsAlterationIn
p4084	suggestsContributionOf
p4085	suggestsDirectImpactOf
p4086	suggestsImportanceOf
p4087	suggestsInvolvementOf
p4088	suggestsPhenotype
p4089	suggestsRoleIn
p4090	suitableFor
p4091	summarizes
p4092	sumsEffectOver
p4093	supplements
p4094	support
p4095	supportedBy
p4096	supports
p4097	supportsDetectionOf
p4098	supportsFunctionOf
p4099	supportsRoleOf
p4100	supportsUseOf
p4101	suppressed
p4102	suppresses
p4103	suppressesIn
p4104	survives
p4105	susceptibleTo
p4106	suspendedIn
p4107	sustainedThrough
p4108	switchesTo
p4109	synergizesWith
p4110	synonym
p4111	synthesizedCount
p4112	synthesizes
p4113	takesOnRole
p4114	target
p4115	targetDose
p4116	targets
p4117	targetsCellType
p4118	targetsExpressionTo
p4119	targetsProtein
p4120	temperatureIncreaseRate
p4121	tendsToBeIncreasedIn
p4122	tendsToBeReducedIn
p4123	tendsToHave
p4124	tendsToIncrease
p4125	tendsToOccur
p4126	tendsToPersistDuring
p4127	testedAtConcentration
p4128	testedAtDose
p4129	testedBy
p4130	testedIn
p4131	testedUsing
p4132	testedWith
p4133	tests
p4134	testsAssociationBetween
p4135	testsEffectOf
p4136	testsFor
p4137	testsHypothesis
p4138	testsWhether
p4139	thirdLineImmunotherapy
p4140	thirdLineTreatment
p4141	tilts
p4142	tips
p4143	tipsBalanceBetween
p4144	titratedBasedOn
p4145	titratedBy
p4146	titratedFrom
p4147	titratedTo
p4148	titratedWeeklyBy
p4149	toggles
p4150	totalCount
p4151	totalScoreImprovedFrom
p4152	totalScoreImprovedTo
p4153	toxicAt
p4154	tracks
p4155	traditionallyTargets
p4156	transduces
p4157	transitionsTo
p4158	transports
p4159	travelsGreaterDistanceThan
p4160	treatedWith
p4161	treats
p4162	trendsToImprove
p4163	trigger
p4164	triggeredBy
p4165	triggers
p4166	type
p4167	typicallyAppearsDuring
p4168	typicallyCausedBy
p4169	uncertainUnder
p4170	unclearBecauseOf
p4171	uncovers
p4172	underTargets
p4173	undergo
p4174	undergoes
p4175	undergoesAnalysis
p4176	underlies
p4177	undetectableIn
p4178	unlikelyToBias
p4179	unmasks
p4180	upregulatedBy
p4181	upregulates
p4182	use
p4183	useConcomitantAED
p4184	useTherapeuticDrugMonitoringFor
p4185	used
p4186	usedAgeStratificationCutoff
p4187	usedAs
p4188	usedBy
p4189	usedCorrection
p4190	usedFor
p4191	usedForTreatment
p4192	usedForTreatmentOf
p4193	usedIn
p4194	usedInCombinationWith
p4195	usedModel
p4196	usedOffLabelIn
p4197	usedTest
p4198	usedTo
p4199	usedToActivate
p4200	usedToAssess
p4201	usedToCompute
p4202	usedToConfirm
p4203	usedToEstablish
p4204	usedToIdentify
p4205	usedToInfer
p4206	usedToIsolate
p4207	usedToMeasure
p4208	usedToMinimize
p4209	usedToReport
p4210	usedToStudy
p4211	usedToTreat
p4212	usedToWarnOf
p4213	usedWith
p4214	usefulFor
p4215	uses
p4216	usesAgent
p4217	usesAlgorithm
p4218	usesAnalysisMethod
p4219	usesAnesthetic
p4220	usesAnimalModel
p4221	usesAntiSeizureMedication
p4222	usesAntibody
p4223	usesApproach
p4224	usesAssay
p4225	usesBlinding
p4226	usesBuffer
p4227	usesChannelCount
p4228	usesComparisonModel
p4229	usesCompound
p4230	usesConcentration
p4231	usesCondition
p4232	usesControl
p4233	usesConvulsant
p4234	usesCriteria
p4235	usesCriterion
p4236	usesDataFrom
p4237	usesDataSource
p4238	usesDatabase
p4239	usesDesign
p4240	usesDevice
p4241	usesDose
p4242	usesDrug
p4243	usesElectrodeLocation
p4244	usesElectrodePlacement
p4245	usesElectrodeSystem
p4246	usesEndogenousControl
p4247	usesEndpoint
p4248	usesEnhancer
p4249	usesFixative
p4250	usesFormat
p4251	usesFormula
p4252	usesGeneTargetingOf
p4253	usesGeneticBackground
p4254	usesGuideline
p4255	usesInstrument
p4256	usesKetogenicDiet
p4257	usesKit
p4258	usesLightDarkCycle
p4259	usesMRMMode
p4260	usesMarker
p4261	usesMeasurement
p4262	usesMechanism
p4263	usesMedication
p4264	usesMedium
p4265	usesMethod
p4266	usesMetric
p4267	usesMobilePhase
p4268	usesModel
p4269	usesMouseModel
p4270	usesMutation
p4271	usesOutcomeMeasure
p4272	usesParameter
p4273	usesPlatform
p4274	usesPredictor
p4275	usesPromoter
p4276	usesProtocol
p4277	usesRadiotracer
p4278	usesRandomizationRatio
p4279	usesReceptor
p4280	usesReferenceElectrodeLocation
p4281	usesReferenceOrgan
p4282	usesReporter
p4283	usesResource
p4284	usesSafetyAssessment
p4285	usesSample
p4286	usesSampleType
p4287	usesSamplingMethod
p4288	usesScale
p4289	usesSeizureInduction
p4290	usesSeizureModel
p4291	usesSiteSpecificIntegration
p4292	usesSoftware
p4293	usesSource
p4294	usesStatisticalTest
p4295	usesStimulationSite
p4296	usesStimulus
p4297	usesStratificationFactor
p4298	usesSubstance
p4299	usesSystem
p4300	usesTechnique
p4301	usesTechnology
p4302	usesTemperature
p4303	usesTest
p4304	usesTool
p4305	usesVagusNerveStimulation
p4306	validatedBy
p4307	validates
p4308	valuedFor
p4309	values
p4310	variablyAffects
p4311	variantMayAggravate
p4312	variantOf
p4313	variantType
p4314	varies
p4315	variesAcross
p4316	variesAmong
p4317	variesBy
p4318	variesDueTo
p4319	variesIn
p4320	variesWith
p4321	visualizes
p4322	vulnerableTo
p4323	waivedBy
p4324	wants
p4325	warrantedFor
p4326	was
p4327	wasAdministeredAs
p4328	wasAdministeredTo
p4329	wasAnalyzedWith
p4330	wasAppliedTo
p4331	wasBalancedWith
p4332	wasComparedAmong
p4333	wasDetectedIn
p4334	wasDistributedTo
p4335	wasDistributedVia
p4336	wasEvaluatedIn
p4337	wasGeneratedBy
p4338	wasHandledBy
p4339	wasHigherIn
p4340	wasIdentifiedIn
p4341	wasLowerIn
p4342	wasMonitoredBy
p4343	wasMoreEffectiveIn
p4344	wasNotIdentifiedIn
p4345	wasNotObservedIn
p4346	wasNotPreviouslyEvaluatedIn
p4347	wasOnlyApprovedTreatmentOutsideUnitedStates
p4348	wasOrganizedInto
p4349	wasOriginallyNamed
p4350	wasOriginallyUsedAs
p4351	wasPerformedIn
p4352	wasPerformedOn
p4353	wasPerformedUsing
p4354	wasUnexpectedGiven
p4355	wasUsedToCompare
p4356	wasUsedToInsert
p4357	wasWithdrawnFor
p4358	weakens
p4359	weaklyInhibits
p4360	weighs
p4361	weights
p4362	welcomedBy
p4363	wellToleratedBy
p4364	wellToleratedIn
p4365	were
p4366	wereAlignedTo
p4367	wereAnnotatedWith
p4368	wereComparedAgainst
p4369	wereIdentifiedIn
p4370	wereSelectedBy
p4371	with
p4372	worsen
p4373	worsens
p4374	worsensDuring
p4375	worsensIn
p4376	worsensOver
p4377	worsensWith
p4378	wouldAvoid
p4379	wouldBenefitFrom
p4380	wouldProvide
p4381	yields
